t,symbol,r
1705997700,US Tech 100,-1.0243547327931624
1705998600,Wall Street 30,-1.032649761083862
1706009400,Wall Street 30,-1.0326497610838177
1706020200,Wall Street 30,2.967350238916186
1706020200,US Tech 100,0.9109601919360495
1706088600,US Tech 100,-0.7739710608898983
1706095800,Wall Street 30,2.967350238916406
1706107500,Wall Street 30,-1.032649761083848
1706112900,Wall Street 30,-1.0326497610837733
1706116500,US Tech 100,-1.024354732793072
1706123700,US Tech 100,2.031962821806967
1706182200,Wall Street 30,-1.0326497610837533
1706184000,US Tech 100,-1.0243547327930915
1706190300,Wall Street 30,2.9673502389161865
1706190300,US Tech 100,-1.0243547327930773
1706209200,US Tech 100,-1.0243547327930216
1706539500,Wall Street 30,-1.032649761083743
1706548500,US Tech 100,1.947646665851311
1706559300,US Tech 100,1.7152840335173885
1706559300,Wall Street 30,0.19236764362992104
1706598000,US Tech 100,-1.0243547327931612
1706625000,Wall Street 30,-1.0326497610839138
1706633100,Wall Street 30,2.1122851056509275
1706635800,US Tech 100,0.15630654903424612
1706687100,Wall Street 30,2.9673502389159947
1706692500,US Tech 100,-0.7614554655494187
1706727600,Wall Street 30,-1.03264976108379
1706776200,Wall Street 30,0.9431509144732427
1706793300,Wall Street 30,-1.032649761083643
1706806800,US Tech 100,0.7217007273914129
1706809500,Wall Street 30,1.213430484401195
1706864400,US Tech 100,-1.0243547327931286
1706881500,Wall Street 30,-1.032649761083775
1706881500,US Tech 100,-1.0243547327930906
1706886000,US Tech 100,2.975645267207012
1707124500,Wall Street 30,-1.0326497610839167
1707126300,US Tech 100,-1.0243547327929248
1707133500,Wall Street 30,-1.0326497610836622
1707140700,Wall Street 30,-1.0326497610838201
1707154200,US Tech 100,1.4850129666304852
1707214500,Wall Street 30,-1.0326497610838188
1707227100,US Tech 100,-1.024354732792999
1707231600,US Tech 100,2.9756452672070144
1707302700,Wall Street 30,-1.0326497610835867
1707310800,Wall Street 30,2.9673502389163176
1707380100,US Tech 100,-1.0243547327932212
1707465600,US Tech 100,2.9756452672070646
1707473700,US Tech 100,0.5102222140786701
1707722100,US Tech 100,2.339418121708094
1707749100,Wall Street 30,2.967350238916143
1707762600,US Tech 100,2.9756452672069154
1707767100,Wall Street 30,0.22525688387126241
1707813900,Wall Street 30,-1.0326497610839296
1707819300,US Tech 100,2.9756452672068816
1707832800,US Tech 100,-1.0243547327930644
1707894900,US Tech 100,2.9756452672068807
1707903900,Wall Street 30,-1.0326497610836909
1707923700,US Tech 100,-1.0243547327930316
1707926400,US Tech 100,-1.0243547327930542
1708007400,US Tech 100,2.97564526720698
1708010100,US Tech 100,-1.0243547327930609
1708026300,Wall Street 30,1.10681410089307
1708090200,US Tech 100,-1.024354732792977
1708092000,Wall Street 30,-1.0326497610836958
1708093800,Wall Street 30,-1.032649761083697
1708095600,US Tech 100,-1.0243547327929874
1708112700,Wall Street 30,1.118340581404188
1708439400,Wall Street 30,-1.032649761083863
1708439400,US Tech 100,2.9756452672069256
1708449300,Wall Street 30,-1.0326497610837408
1708547400,US Tech 100,-1.024354732793061
1708589700,US Tech 100,-1.0243547327930167
1708593300,Wall Street 30,-1.032649761083748
1708600500,Wall Street 30,1.9361724514176581
1708610400,Wall Street 30,-1.0326497610837577
1708613100,Wall Street 30,-1.032649761083854
1708697700,Wall Street 30,-1.032649761083932
1708701300,Wall Street 30,-1.0326497610836836
1708908300,US Tech 100,-0.17059555477248564
1708954200,Wall Street 30,-1.0326497610837728
1708957800,Wall Street 30,-1.0326497610838865
1708963200,Wall Street 30,0.4121876697207389
1708972200,Wall Street 30,-1.0326497610836842
1709019000,US Tech 100,-1.024354732793093
1709048700,US Tech 100,-1.0243547327930274
1709100900,US Tech 100,-1.0243547327928917
1709105400,Wall Street 30,2.9673502389164974
1709109900,US Tech 100,2.9756452672070575
1709113500,Wall Street 30,-1.0326497610837897
1709113500,US Tech 100,-1.024354732792962
1709148600,Wall Street 30,-1.0326497610837806
1709193600,Wall Street 30,1.1111570441827856
1709224200,US Tech 100,-1.0243547327930638
1709280900,Wall Street 30,-1.0326497610837244
1709288100,US Tech 100,-1.0243547327930413
1709289900,US Tech 100,-1.0243547327930909
1709304300,Wall Street 30,-1.0326497610838279
1709307900,Wall Street 30,-1.0326497610837873
1709309700,US Tech 100,2.975645267207003
1709550000,Wall Street 30,2.967350238915993
1709562600,US Tech 100,-1.0243547327930487
1709563500,Wall Street 30,-1.0326497610837129
1709580600,US Tech 100,-1.0243547327929412
1709629200,US Tech 100,0.7542159996359384
1709649000,US Tech 100,2.9756452672070157
1709649900,Wall Street 30,-1.0326497610836693
1709656200,Wall Street 30,-1.032649761083815
1709719200,US Tech 100,-1.0243547327929134
1709730000,US Tech 100,2.97564526720694
1709737200,US Tech 100,-1.0243547327930347
1709809200,Wall Street 30,0.5272932142079674
1709841600,Wall Street 30,0.6364002317095353
1709846100,US Tech 100,-1.0243547327929818
1709900100,Wall Street 30,-1.0326497610837166
1709904600,US Tech 100,-1.024354732793065
1709922600,Wall Street 30,-1.0326497610837753
1710148500,US Tech 100,-1.0243547327930707
1710158400,US Tech 100,-1.0243547327930524
1710166500,Wall Street 30,-1.0326497610837848
1710246600,Wall Street 30,-1.0326497610838448
1710246600,US Tech 100,-1.0243547327929923
1710357300,Wall Street 30,-1.0326497610837608
1710403200,US Tech 100,0.655440293699954
1710404100,Wall Street 30,0.4618163642979992
1710414900,Wall Street 30,-1.0326497610838339
1710427500,Wall Street 30,1.8809149003686398
1710493200,US Tech 100,2.975645267206917
1710498600,US Tech 100,-1.024354732792955
1710510300,Wall Street 30,-1.0326497610838457
1710771300,US Tech 100,-1.0243547327930265
1710849600,US Tech 100,-1.0243547327930345
1710855000,Wall Street 30,2.9673502389162536
1710918000,US Tech 100,-1.024354732792974
1710918000,Wall Street 30,-1.032649761083699
1710922500,Wall Street 30,2.9673502389159796
1711009800,US Tech 100,1.4076317773754716
1711027800,Wall Street 30,2.967350238916188
1711031400,Wall Street 30,-1.0326497610837957
1711044000,US Tech 100,1.3124705014813147
1711091700,US Tech 100,-1.024354732793119
1711107900,Wall Street 30,-1.0326497610839118
1711134000,US Tech 100,-1.024354732793072
1711347300,US Tech 100,-1.0243547327930866
1711359900,Wall Street 30,-0.870250941231949
1711365300,US Tech 100,0.9292884557988967
1711373400,US Tech 100,-1.0243547327930882
1711377000,US Tech 100,0.7216596551709519
1711436400,US Tech 100,-1.02435473279313
1711437300,Wall Street 30,-1.0326497610839187
1711444500,US Tech 100,-0.2550792949411959
1711456200,US Tech 100,-1.0243547327930256
1711457100,Wall Street 30,2.9673502389161523
1711523700,US Tech 100,-1.0243547327928881
1711529100,US Tech 100,2.9756452672068585
1711538100,Wall Street 30,-1.032649761083978
1711546200,Wall Street 30,-1.0326497610837178
1711548000,US Tech 100,0.6234026149100867
1711610100,Wall Street 30,-1.032649761083556
1711960200,Wall Street 30,0.6686177381319416
1711972800,US Tech 100,-1.0243547327930898
1711974600,Wall Street 30,2.967350238916309
1711980000,US Tech 100,-1.0243547327929623
1712064600,US Tech 100,0.7955135778411745
1712064600,Wall Street 30,-1.0326497610837158
1712152800,Wall Street 30,-1.0326497610837062
1712187000,US Tech 100,0.38001379472756464
1712235600,Wall Street 30,-1.032649761083904
1712235600,US Tech 100,-1.0243547327929892
1712259000,Wall Street 30,-0.016184026057693108
1712259000,US Tech 100,0.41915129780594
1712316600,US Tech 100,-1.0243547327930538
1712325600,US Tech 100,2.9756452672069993
1712565900,US Tech 100,-0.9760306181799915
1712580300,Wall Street 30,-1.0326497610837035
1712580300,US Tech 100,-1.0243547327930622
1712587500,US Tech 100,-1.0243547327930171
1712655900,Wall Street 30,-1.0326497610837335
1712658600,US Tech 100,-1.0243547327929432
1712664000,Wall Street 30,-1.0326497610836796
1712670300,Wall Street 30,2.967350238916164
1712673000,US Tech 100,-1.0243547327930638
1712678400,Wall Street 30,-0.6637428509249885
1712752200,US Tech 100,-1.024354732793003
1712752200,Wall Street 30,-1.0326497610837955
1712835900,US Tech 100,-1.0243547327929858
1712835900,Wall Street 30,-1.0326497610837901
1712839500,Wall Street 30,-1.0326497610837602
1712839500,US Tech 100,-1.0243547327930647
1712905200,Wall Street 30,-1.0326497610837377
1712907000,US Tech 100,2.9756452672069917
1712913300,US Tech 100,2.975645267206926
1712918700,Wall Street 30,-1.0326497610836927
1712928600,Wall Street 30,2.967350238916166
1712933100,Wall Street 30,-1.0326497610837997
1712941200,Wall Street 30,0.8165001070366795
1713186900,Wall Street 30,-1.0326497610837198
1713189600,US Tech 100,1.057079324999942
1713204000,US Tech 100,1.0726502887298157
1713262500,US Tech 100,-1.024354732792998
1713267000,Wall Street 30,-1.0326497610838166
1713267000,US Tech 100,-1.0243547327930347
1713333600,Wall Street 30,-1.0326497610838699
1713333600,US Tech 100,-1.0243547327929776
1713362400,US Tech 100,2.9756452672069673
1713365100,Wall Street 30,2.967350238916212
1713427200,Wall Street 30,-1.0326497610838605
1713436200,Wall Street 30,-1.0326497610838286
1713447000,US Tech 100,-1.0243547327930445
1713451500,US Tech 100,-1.0243547327930107
1713461400,Wall Street 30,-1.0326497610838243
1713461400,US Tech 100,1.2459539521233856
1713536100,US Tech 100,2.975645267206984
1713768300,Wall Street 30,-1.032649761083727
1713772800,US Tech 100,-1.0243547327930207
1713780000,US Tech 100,-1.024354732793029
1713792600,Wall Street 30,-1.0326497610837861
1713795300,US Tech 100,-1.0243547327929887
1713807900,Wall Street 30,-1.032649761083728
1713856500,Wall Street 30,-1.032649761083875
1713870000,US Tech 100,-1.024354732792932
1713951900,US Tech 100,-1.0243547327929299
1713951900,Wall Street 30,-1.032649761083831
1713970800,US Tech 100,2.975645267206986
1714023900,US Tech 100,-1.0243547327929263
1714050900,Wall Street 30,2.967350238916284
1714054500,US Tech 100,-1.0243547327930593
1714067100,Wall Street 30,-1.0326497610838223
1714111200,Wall Street 30,-1.0326497610837657
1714122000,US Tech 100,-1.024354732793091
1714382100,Wall Street 30,-1.0326497610836385
1714397400,US Tech 100,-1.024354732793016
1714417200,Wall Street 30,-1.0326497610837995
1714417200,US Tech 100,-1.0243547327930191
1714480200,Wall Street 30,-1.0326497610837684
1714480200,US Tech 100,-1.0243547327930942
1714483800,Wall Street 30,2.9673502389161635
1714545000,US Tech 100,-1.0243547327930278
1714636800,US Tech 100,1.112922173024317
1714636800,Wall Street 30,-1.0326497610837582
1714646700,Wall Street 30,2.9673502389162505
1714657500,US Tech 100,-1.0243547327929767
1714660200,Wall Street 30,-1.0326497610837668
1714688100,US Tech 100,0.23039606669498203
1714725000,US Tech 100,0.766630236695533
1714739400,Wall Street 30,2.9673502389162363
1714742100,US Tech 100,2.9756452672069598
1714747500,Wall Street 30,-1.0326497610837377
1714977000,Wall Street 30,-1.0326497610836192
1714992300,Wall Street 30,2.2184119017187887
1715019300,US Tech 100,2.9756452672070326
1715065200,Wall Street 30,-1.0326497610838232
1715086800,US Tech 100,2.975645267207063
1715087700,Wall Street 30,-1.0326497610838343
1715096700,US Tech 100,-1.024354732792997
1715105700,US Tech 100,0.12499731415673779
1715173200,US Tech 100,-1.0243547327929958
1715181300,Wall Street 30,1.6084600448872761
1715246100,Wall Street 30,-1.0326497610836416
1715249700,US Tech 100,-1.024354732792908
1715257800,US Tech 100,-1.024354732792972
1715265000,Wall Street 30,1.1904694857094247
1715266800,US Tech 100,-1.0243547327929805
1715324400,US Tech 100,-1.024354732792978
1715332500,Wall Street 30,-1.0326497610839762
1715333400,US Tech 100,-1.0243547327931386
1715348700,US Tech 100,-1.0243547327930582
1715348700,Wall Street 30,-1.0326497610837304
1715352300,US Tech 100,0.22309416375045574
1715354100,Wall Street 30,-1.0326497610838483
1715600700,Wall Street 30,2.9673502389163753
1715610600,US Tech 100,-0.10282276540247856
1715614200,Wall Street 30,2.967350238916161
1715683500,Wall Street 30,-1.0326497610838872
1715711400,Wall Street 30,0.31794239191378193
1715776200,Wall Street 30,2.9673502389162536
1715777100,US Tech 100,-1.0243547327930496
1715802300,Wall Street 30,0.030840260835882437
1715932800,Wall Street 30,-1.032649761083669
1715939100,US Tech 100,1.8882824878891713
1715952600,US Tech 100,-1.0243547327931464
1716208200,US Tech 100,-1.0243547327931954
1716228000,US Tech 100,-1.0243547327929954
1716228000,Wall Street 30,1.4359848474456958
1716289200,US Tech 100,-1.0243547327928384
1716376500,US Tech 100,1.3005943915634877
1716378300,Wall Street 30,-1.0326497610836496
1716384600,Wall Street 30,-1.0326497610837722
1716391800,Wall Street 30,2.967350238916314
1716471900,US Tech 100,-1.0243547327929639
1716471900,Wall Street 30,1.067904367027243
1716473700,US Tech 100,2.975645267207033
1716488100,Wall Street 30,0.6431525686505295
1716557400,Wall Street 30,-1.0326497610838714
1716564600,US Tech 100,-0.05543244160317895
1716816600,US Tech 100,-1.0243547327928568
1716849000,US Tech 100,1.5659062917839637
1716894900,Wall Street 30,2.967350238916075
1716903900,Wall Street 30,0.9392665770897551
1716921000,US Tech 100,-1.0243547327930504
1716952500,US Tech 100,1.9388527023093969
1717077600,US Tech 100,2.975645267206931
1717082100,Wall Street 30,2.1212402913839146
1717097400,US Tech 100,1.4360180534930478
1717158600,Wall Street 30,-1.0326497610836738
1717162200,Wall Street 30,-1.0326497610838177
1717172100,US Tech 100,-1.0243547327930487
1717178400,Wall Street 30,2.967350238916235
1717422300,Wall Street 30,-1.0326497610837913
1717425900,US Tech 100,2.9756452672069713
1717428600,Wall Street 30,2.9673502389162536
1717432200,US Tech 100,-1.0243547327929852
1717432200,Wall Street 30,-1.0326497610837861
1717482600,Wall Street 30,2.967350238916412
1717484400,US Tech 100,-1.0243547327929796
1717492500,Wall Street 30,-1.0326497610838783
1717492500,US Tech 100,-1.0243547327929516
1717509600,Wall Street 30,-1.0326497610837697
1717515000,Wall Street 30,-1.0326497610838279
1717587900,Wall Street 30,-1.0326497610838812
1717601400,Wall Street 30,-1.032649761083794
1717666200,US Tech 100,-1.0243547327931637
1717681500,Wall Street 30,-1.0326497610838226
1717749900,Wall Street 30,-1.0326497610837333
1717767000,US Tech 100,-1.0243547327930564
1717786800,US Tech 100,-0.23399873193629897
1718001900,Wall Street 30,-1.0326497610836294
1718010900,Wall Street 30,-1.0326497610836467
1718015400,US Tech 100,-0.04902412040463907
1718023500,US Tech 100,-1.0243547327929348
1718085600,US Tech 100,-1.0243547327928233
1718095500,US Tech 100,0.9433841407740642
1718095500,Wall Street 30,2.967350238916248
1718100000,Wall Street 30,-0.6027616392914444
1718112600,Wall Street 30,-1.0326497610838108
1718131500,US Tech 100,1.617710727219588
1718196300,Wall Street 30,-1.0326497610837533
1718200800,Wall Street 30,2.9673502389162145
1718286300,Wall Street 30,0.9972861753963038
1718289000,US Tech 100,1.5095675189110969
1718347500,Wall Street 30,2.9673502389160626
1718352900,Wall Street 30,2.967350238916343
1718359200,US Tech 100,0.4881491173626891
1718359200,Wall Street 30,-1.0326497610837633
1718374500,US Tech 100,-1.024354732793037
1718648100,Wall Street 30,0.21515434025076238
1718717400,Wall Street 30,-1.0326497610837846
1718721900,Wall Street 30,-1.032649761083762
1718778600,US Tech 100,-0.10582746785447765
1718806500,Wall Street 30,0.6286834226238363
1718855100,Wall Street 30,2.967350238915913
1718867700,Wall Street 30,-1.0326497610837873
1718884800,US Tech 100,2.975645267207092
1718891100,Wall Street 30,1.0655778228840969
1718954100,US Tech 100,2.9756452672070046
1718955000,Wall Street 30,-1.0326497610838299
1718977500,US Tech 100,-1.0243547327929672
1718991000,US Tech 100,-0.7624485174091467
1719192600,US Tech 100,-0.34094126737795477
1719210600,Wall Street 30,2.9673502389163424
1719222300,US Tech 100,-1.024354732792978
1719302400,Wall Street 30,2.9673502389161017
1719306000,Wall Street 30,-1.0326497610836236
1719408600,Wall Street 30,-1.0326497610837735
1719410400,US Tech 100,-1.0243547327929714
1719418500,US Tech 100,-1.02435473279304
1719468000,Wall Street 30,-1.0326497610839527
1719495000,Wall Street 30,-1.0326497610837488
1719495000,US Tech 100,-1.0243547327930802
1719501300,US Tech 100,-1.0243547327930382
1719540000,US Tech 100,-0.47307343198443286
1719561600,Wall Street 30,-1.0326497610838545
1719566100,Wall Street 30,-1.0326497610838798
1719580500,Wall Street 30,-1.032649761083799
1719583200,Wall Street 30,-1.032649761083777
1719814500,Wall Street 30,-1.0326497610837444
1719819000,US Tech 100,-1.0243547327929508
1719819900,Wall Street 30,-1.0326497610837784
1719824400,Wall Street 30,0.7447945874096018
1719840600,Wall Street 30,-1.0326497610837782
1719844200,Wall Street 30,-1.0326497610837633
1719904500,Wall Street 30,-1.0326497610837682
1719927000,US Tech 100,-1.0243547327930447
1719927900,Wall Street 30,0.6689997968367146
1720008900,Wall Street 30,-1.0326497610836323
1720009800,US Tech 100,-1.0243547327931224
1720014300,US Tech 100,-1.0243547327929883
1720017900,Wall Street 30,-1.0326497610838126
1720161000,US Tech 100,-1.0243547327930673
1720168200,Wall Street 30,1.4695329831477122
1720182600,Wall Street 30,-1.032649761083866
1720188000,Wall Street 30,-1.032649761083786
1720425600,Wall Street 30,0.8393615571144892
1720532700,US Tech 100,-1.0243547327931257
1720538100,US Tech 100,2.975645267206926
1720598400,US Tech 100,1.497265829681892
1720612800,Wall Street 30,-1.0326497610837695
1720628100,Wall Street 30,1.017614896581466
1720640700,Wall Street 30,0.25252051437213047
1720701000,US Tech 100,-1.02435473279313
1720701000,Wall Street 30,-1.0326497610838443
1720702800,Wall Street 30,-1.0326497610837069
1720707300,US Tech 100,2.975645267207024
1720792800,US Tech 100,2.9756452672069393
1720813500,Wall Street 30,-1.032649761083809
1721046600,US Tech 100,-1.024354732793058
1721055600,Wall Street 30,-1.0326497610837386
1721062800,Wall Street 30,-1.0326497610838237
1721116800,US Tech 100,-1.0243547327929263
1721116800,Wall Street 30,-1.0326497610837873
1721138400,US Tech 100,-1.024354732793076
1721196900,US Tech 100,2.9756452672069362
1721196900,Wall Street 30,0.18491504961025626
1721204100,US Tech 100,-0.7605495813845929
1721214900,US Tech 100,2.975645267207035
1721214900,Wall Street 30,-1.0326497610837102
1721223900,Wall Street 30,2.4878709181701475
1721224800,US Tech 100,2.975645267206952
1721288700,Wall Street 30,2.497275402490857
1721296800,US Tech 100,-1.0243547327930829
1721313000,US Tech 100,-1.0243547327930331
1721374200,Wall Street 30,-1.0326497610838041
1721374200,US Tech 100,-1.0243547327930218
1721409300,Wall Street 30,-1.0326497610837486
1721613600,Wall Street 30,-1.0326497610838288
1721663100,Wall Street 30,-1.0326497610837833
1721737800,US Tech 100,-1.0243547327930163
1721754000,US Tech 100,-0.5430665003098594
1721763900,Wall Street 30,1.6411505476243893
1721772900,US Tech 100,0.24689706831562247
1721794500,Wall Street 30,-1.0326497610838101
1721802600,Wall Street 30,-1.0326497610838137
1721803500,US Tech 100,0.02856977755918002
1721808900,Wall Street 30,-1.032649761083849
1721824200,US Tech 100,2.9756452672069593
1721829600,Wall Street 30,-1.0326497610837093
1721846700,US Tech 100,-0.1461202015734606
1721874600,US Tech 100,-1.0243547327929905
1721933100,Wall Street 30,-1.0326497610837306
1722000600,US Tech 100,2.9756452672069784
1722001500,Wall Street 30,2.9673502389162105
1722238200,US Tech 100,-1.0243547327930762
1722238200,Wall Street 30,-1.032649761083775
1722259800,Wall Street 30,-1.032649761083796
1722265200,US Tech 100,-1.024354732792999
1722270600,US Tech 100,-1.0243547327930353
1722324600,Wall Street 30,-1.0326497610837675
1722341700,Wall Street 30,-1.0326497610838004
1722349800,US Tech 100,2.9756452672070175
1722369600,US Tech 100,-1.0243547327930276
1722407400,Wall Street 30,2.967350238916304
1722414600,Wall Street 30,-1.0326497610837717
1722433500,Wall Street 30,-1.0326497610838223
1722436200,Wall Street 30,2.169638455430141
1722453300,Wall Street 30,-1.0326497610837944
1722501000,US Tech 100,-1.0243547327930345
1722518100,Wall Street 30,-1.0326497610837584
1722533400,Wall Street 30,-1.032649761083798
1722601800,US Tech 100,-1.0243547327930425
1722808800,US Tech 100,1.5797863194272395
1722819600,US Tech 100,0.9238756325048291
1722834000,US Tech 100,2.9756452672069975
1722836700,US Tech 100,-1.024354732793018
1722836700,Wall Street 30,2.967350238916227
1722844800,US Tech 100,-1.0243547327930334
1722860100,Wall Street 30,-1.032649761083772
1722860100,US Tech 100,-1.0243547327930098
1722866400,US Tech 100,1.7536335504302414
1722920400,US Tech 100,-1.0243547327929978
1722951000,US Tech 100,-1.0243547327930314
1723037400,US Tech 100,-1.0243547327930578
1723046400,US Tech 100,2.9756452672069806
1723050000,Wall Street 30,2.967350238916226
1723050900,US Tech 100,2.9756452672069917
1723055400,Wall Street 30,2.0783806154562106
1723055400,US Tech 100,2.975645267206958
1723102200,Wall Street 30,-1.0326497610837357
1723120200,Wall Street 30,2.96735023891623
1723178700,Wall Street 30,-1.03264976108369
1723178700,US Tech 100,-1.0243547327930074
1723210200,Wall Street 30,-1.0326497610838024
1723212000,US Tech 100,-1.0243547327930287
1723214700,Wall Street 30,2.8076155910553355
1723448700,US Tech 100,-1.024354732792963
1723470300,Wall Street 30,-1.0326497610837277
1723533300,Wall Street 30,-1.0326497610836687
1723545000,US Tech 100,-1.024354732792958
1723550400,Wall Street 30,2.96735023891623
1723552200,US Tech 100,2.9756452672069265
1723556700,US Tech 100,2.975645267206998
1723567500,Wall Street 30,0.9002412714864687
1723643100,US Tech 100,2.9756452672069984
1723649400,US Tech 100,-1.0243547327930003
1723726800,Wall Street 30,2.967350238916153
1723762800,US Tech 100,-1.0243547327930218
1723788900,US Tech 100,-1.024354732792945
1723796100,US Tech 100,2.1480275648614415
1723802400,Wall Street 30,1.3578524575228301
1723811400,US Tech 100,-1.0243547327930131
1723811400,Wall Street 30,-1.0326497610838092
1723815900,Wall Street 30,2.9673502389162283
1723816800,US Tech 100,-1.024354732792985
1723826700,Wall Street 30,0.9320901507928812
1724074200,Wall Street 30,2.9673502389162176
1724078700,Wall Street 30,-1.0326497610837075
1724090400,Wall Street 30,-1.032649761083704
1724158800,US Tech 100,-1.0243547327930889
1724250600,US Tech 100,-1.0243547327930331
1724310900,Wall Street 30,1.734170800239985
1724325300,US Tech 100,-1.0243547327930105
1724333400,Wall Street 30,-1.0326497610837668
1724335200,Wall Street 30,2.967350238916289
1724335200,US Tech 100,2.9756452672069846
1724344200,Wall Street 30,-1.0326497610837617
1724348700,US Tech 100,0.6152345291701398
1724421600,US Tech 100,-1.0243547327929983
1724421600,Wall Street 30,-1.032649761083787
1724429700,Wall Street 30,-1.0326497610837475
1724659200,US Tech 100,0.8087769812833591
1724679900,Wall Street 30,-1.0326497610836671
1724682600,US Tech 100,-1.0243547327930314
1724691600,Wall Street 30,-1.0326497610838081
1724753700,US Tech 100,1.6368117835849125
1724762700,US Tech 100,2.975645267207053
1724834700,US Tech 100,-1.0243547327930058
1724845500,US Tech 100,-1.0243547327929219
1724852700,Wall Street 30,-1.032649761083754
1724852700,US Tech 100,2.9756452672069647
1724861700,Wall Street 30,-1.0326497610837586
1724915700,US Tech 100,2.9756452672069997
1724916600,Wall Street 30,-1.0326497610836505
1724924700,US Tech 100,-1.024354732793084
1724931900,Wall Street 30,2.967350238916216
1724956200,US Tech 100,-0.4792620732024878
1724958000,Wall Street 30,0.5488953256678785
1725031800,Wall Street 30,0.4808464005881528
1725047100,Wall Street 30,0.49309993431912874
1725261300,Wall Street 30,-1.0326497610838175
1725261300,US Tech 100,-1.0243547327929803
1725265800,US Tech 100,1.537371845046083
1725319800,US Tech 100,-1.0243547327930596
1725332400,US Tech 100,-1.0243547327929658
1725332400,Wall Street 30,-0.8430337482943288
1725370200,US Tech 100,2.9756452672069478
1725410700,Wall Street 30,-1.0326497610838417
1725456600,Wall Street 30,2.967350238916221
1725457500,US Tech 100,-1.0243547327930682
1725521400,US Tech 100,-1.0243547327929714
1725538500,US Tech 100,-1.0243547327930693
1725543000,US Tech 100,2.9756452672069633
1725545700,US Tech 100,-1.024354732793051
1725584400,US Tech 100,-1.0243547327930331
1725606900,US Tech 100,0.8727790333641385
1725606900,Wall Street 30,-1.0326497610836913
1725626700,US Tech 100,-1.0243547327930378
1725890400,US Tech 100,-1.024354732793014
1725890400,Wall Street 30,-1.032649761083758
1725958800,US Tech 100,-1.024354732793037
1725984000,US Tech 100,-1.02435473279304
1726054200,Wall Street 30,-1.0326497610836987
1726079400,US Tech 100,2.0235516171317958
1726147800,Wall Street 30,1.0651376970335125
1726205400,US Tech 100,-1.0243547327929234
1726211700,Wall Street 30,-1.0326497610837946
1726217100,Wall Street 30,-1.0326497610838472
1726235100,Wall Street 30,-1.0326497610837229
1726236900,Wall Street 30,2.967350238916244
1726469100,Wall Street 30,-1.0326497610837138
1726473600,US Tech 100,-1.0243547327929976
1726481700,US Tech 100,2.975645267207071
1726493400,US Tech 100,-1.0243547327930016
1726493400,Wall Street 30,-1.0326497610836898
1726497000,US Tech 100,-0.07646463845411323
1726558200,Wall Street 30,-1.0326497610839702
1726563600,Wall Street 30,1.1277268249877166
1726580700,Wall Street 30,-1.032649761083687
1726585200,Wall Street 30,-1.0326497610838026
1726591500,Wall Street 30,-1.0326497610838088
1726666200,Wall Street 30,2.9673502389161635
1726669800,Wall Street 30,-1.032649761083781
1726683300,US Tech 100,-1.0243547327930143
1726838100,Wall Street 30,-1.0326497610836805
1726839900,Wall Street 30,-1.0326497610837089
1726839900,US Tech 100,2.975645267206968
1726859700,US Tech 100,0.7683885508363878
1727074800,Wall Street 30,-1.0326497610838132
1727144100,US Tech 100,-1.0243547327930949
1727160300,Wall Street 30,-1.0326497610836698
1727160300,US Tech 100,-1.0243547327929299
1727175600,US Tech 100,-1.0243547327930607
1727186400,US Tech 100,-1.0243547327930753
1727244900,US Tech 100,-1.0243547327929647
1727352000,Wall Street 30,-1.032649761083751
1727356500,Wall Street 30,-1.03264976108368
1727363700,US Tech 100,0.13586900716839975
1727440200,Wall Street 30,-1.032649761083681
1727440200,US Tech 100,-1.024354732792943
1727444700,Wall Street 30,2.967350238916311
1727449200,Wall Street 30,-1.0326497610837864
1727703000,US Tech 100,-1.0243547327930456
1727703000,Wall Street 30,-1.0326497610837868
1727720100,Wall Street 30,-1.0326497610837988
1727789400,Wall Street 30,-1.0326497610837009
1727790300,US Tech 100,2.9756452672069695
1727792100,US Tech 100,-1.024354732792992
1727846100,Wall Street 30,0.02489101134287013
1727940600,Wall Street 30,-1.0326497610837262
1727964000,US Tech 100,-1.024354732793022
1727973900,US Tech 100,0.38136803481022946
1728037800,Wall Street 30,2.9673502389163424
1728045900,Wall Street 30,-1.0326497610836967
1728050400,Wall Street 30,2.967350238916168
1728279900,US Tech 100,2.9756452672069056
1728325800,Wall Street 30,-1.032649761083823
1728378900,Wall Street 30,0.1976247619586185
1728396000,US Tech 100,2.975645267206968
1728415800,US Tech 100,0.2736199409428398
1728457200,Wall Street 30,-1.0326497610837215
1728480600,Wall Street 30,2.9673502389162536
1728483300,US Tech 100,2.9756452672070224
1728488700,Wall Street 30,0.2411528623899538
1728540000,US Tech 100,-1.024354732793105
1728540000,Wall Street 30,2.967350238916444
1728547200,Wall Street 30,-1.0326497610839602
1728547200,US Tech 100,-0.1271194059224693
1728561600,US Tech 100,-1.0243547327929974
1728561600,Wall Street 30,-1.0326497610837277
1728564300,Wall Street 30,-1.0326497610838685
1728567000,Wall Street 30,-1.0326497610837209
1728576000,US Tech 100,-1.0243547327930456
1728623700,US Tech 100,2.975645267207086
1728633600,US Tech 100,0.5672336475057935
1728644400,Wall Street 30,-1.0326497610838976
1728653400,Wall Street 30,2.9673502389161386
1728656100,US Tech 100,-1.0243547327930613
1728658800,US Tech 100,0.23379085055711463
1728893700,US Tech 100,2.975645267207015
1728895500,Wall Street 30,1.9205781967347344
1728901800,US Tech 100,1.100344249849717
1728918900,US Tech 100,-1.0243547327930211
1728985500,Wall Street 30,-1.0326497610838001
1728997200,Wall Street 30,-1.0326497610838508
1729002600,US Tech 100,0.631536704523791
1729004400,Wall Street 30,0.2536649779963223
1729062000,US Tech 100,-1.0243547327929223
1729088100,Wall Street 30,2.967350238916175
1729089000,US Tech 100,-1.0243547327930496
1729146600,US Tech 100,2.2165701748317193
1729150200,Wall Street 30,-1.0326497610839092
1729170000,Wall Street 30,2.9673502389162283
1729188900,US Tech 100,0.8496855753604912
1729210500,US Tech 100,-1.0243547327930007
1729251000,Wall Street 30,-1.0326497610836687
1729518300,US Tech 100,-1.0243547327930766
1729522800,Wall Street 30,0.5673502389162787
1729522800,US Tech 100,-1.024354732793009
1729588500,Wall Street 30,0.8342657851267423
1729600200,US Tech 100,-1.0243547327930578
1729604700,US Tech 100,0.9675227221847059
1729688400,Wall Street 30,-1.0326497610837764
1729690200,US Tech 100,2.975645267207049
1729690200,Wall Street 30,-1.0326497610838543
1729695600,US Tech 100,2.9756452672069567
1729695600,Wall Street 30,2.2585850887035592
1729776600,Wall Street 30,-1.0326497610837384
1729776600,US Tech 100,2.975645267206924
1729784700,Wall Street 30,-1.032649761083718
1729845000,Wall Street 30,2.967350238916175
1729857600,US Tech 100,2.97564526720707
1729864800,US Tech 100,-1.02435473279303
1729870200,Wall Street 30,2.9673502389162274
1729879200,Wall Street 30,-1.0326497610837266
1729879200,US Tech 100,0.9370567144591002
1730123100,US Tech 100,-1.024354732793055
1730185200,Wall Street 30,-1.0326497610836531
1730200500,Wall Street 30,2.614315642955745
1730211300,Wall Street 30,-1.032649761083732
1730270700,Wall Street 30,-1.0326497610837784
1730284200,Wall Street 30,-1.0326497610838588
1730294100,US Tech 100,-1.0243547327931
1730318400,US Tech 100,1.9424427041834398
1730358000,US Tech 100,1.0913239902483813
1730380500,Wall Street 30,-1.0326497610836873
1730382300,US Tech 100,2.975645267206971
1730394000,Wall Street 30,-1.0326497610837293
1730443500,US Tech 100,-1.0243547327930513
1730467800,Wall Street 30,2.967350238916163
1730714400,Wall Street 30,0.43617015921246854
1730730600,Wall Street 30,-1.0326497610837653
1730736000,US Tech 100,-1.0243547327930305
1730738700,US Tech 100,-1.024354732793061
1730893500,US Tech 100,-1.0243547327929754
1730897100,Wall Street 30,-1.0326497610837522
1730986200,Wall Street 30,-1.0326497610838659
1730989800,US Tech 100,2.9756452672069185
1731051900,Wall Street 30,-1.0326497610837528
1731061800,Wall Street 30,-1.0326497610838234
1731062700,US Tech 100,-1.0243547327930946
1731077100,US Tech 100,-1.0243547327930405
1731080700,Wall Street 30,-0.06770874343489493
1731335400,Wall Street 30,-1.0326497610838243
1731336300,US Tech 100,-1.0243547327929985
1731348000,US Tech 100,-1.0243547327929843
1731401100,Wall Street 30,-1.0326497610836716
1731406500,US Tech 100,-1.0243547327930558
1731429000,Wall Street 30,2.9673502389162447
1731438000,Wall Street 30,-1.0326497610837289
1731504600,US Tech 100,-1.024354732793049
1731504600,Wall Street 30,-1.0326497610838214
1731510000,US Tech 100,-1.0243547327930673
1731571200,Wall Street 30,0.6445648720940427
1731573000,US Tech 100,0.3779700128358276
1731594600,Wall Street 30,-1.0326497610837675
1731596400,Wall Street 30,1.9849888927544328
1731604500,Wall Street 30,0.23016626660386327
1731681000,US Tech 100,2.975645267206935
1731682800,Wall Street 30,1.9318440834859956
1731684600,US Tech 100,2.9756452672069966
1731691800,Wall Street 30,0.03176611257270841
1731915900,US Tech 100,-1.0243547327929625
1731915900,Wall Street 30,2.9673502389160724
1731923100,US Tech 100,0.4899912077583448
1731940200,Wall Street 30,-1.0326497610838437
1731946500,Wall Street 30,-1.0326497610837824
1731957300,Wall Street 30,0.022402086090330574
1731999600,Wall Street 30,-1.0326497610836325
1732005000,US Tech 100,-1.024354732793015
1732005000,Wall Street 30,-1.0326497610837442
1732007700,US Tech 100,-1.024354732792973
1732007700,Wall Street 30,0.8940703387243241
1732085100,US Tech 100,-1.0243547327930203
1732112100,Wall Street 30,2.9673502389163047
1732115700,US Tech 100,-1.0243547327930251
1732134600,Wall Street 30,0.6304108842832751
1732134600,US Tech 100,-1.0243547327930094
1732173300,Wall Street 30,-1.0326497610838352
1732191300,Wall Street 30,-1.0326497610838272
1732200300,US Tech 100,2.9756452672069797
1732266900,US Tech 100,-0.05016090739169275
1732266900,Wall Street 30,-0.4576201065177585
1732542300,US Tech 100,-1.0243547327930203
1732545000,Wall Street 30,-1.032649761083849
1732546800,US Tech 100,-1.0243547327930334
1732579200,Wall Street 30,-1.0326497610837215
1732624200,US Tech 100,2.9756452672069496
1732628700,Wall Street 30,-1.0326497610837106
1732634100,Wall Street 30,-1.0326497610837608
1732639500,Wall Street 30,2.96735023891626
1732695300,US Tech 100,1.3600489104773883
1732695300,Wall Street 30,1.0286310600918376
1732717800,Wall Street 30,-1.0326497610837493
1732717800,US Tech 100,2.975645267207048
1732723200,US Tech 100,-1.0243547327930163
1732806900,US Tech 100,1.068981131091184
1732841100,Wall Street 30,-1.0326497610836665
1732841100,US Tech 100,-1.024354732793055
1732899600,Wall Street 30,-1.032649761083711
1733150700,Wall Street 30,0.9979855631526882
1733247900,Wall Street 30,-1.0326497610837846
1733303700,Wall Street 30,1.366103531045623
1733322600,Wall Street 30,-1.0326497610838077
1733340600,Wall Street 30,1.0461869673525408
1733414400,Wall Street 30,0.5243693408835968
1733422500,US Tech 100,1.7949960008485204
1733491800,Wall Street 30,2.9673502389163087
1733729400,US Tech 100,-1.0243547327929001
1733739300,US Tech 100,2.9756452672068723
1733757300,US Tech 100,2.9756452672070055
1733759100,Wall Street 30,-1.032649761083816
1733767200,Wall Street 30,-1.0326497610838246
1733833800,US Tech 100,-1.0243547327929512
1733838300,US Tech 100,-1.02435473279311
1733842800,US Tech 100,-1.0243547327930176
1733923800,US Tech 100,2.975645267207
1734094800,US Tech 100,-1.0243547327930764
1734099300,US Tech 100,-1.0243547327929656
1734351300,Wall Street 30,-1.0326497610838974
1734359400,Wall Street 30,-1.0326497610839092
1734363000,US Tech 100,2.975645267207018
1734421500,US Tech 100,-1.0243547327929372
1734423300,Wall Street 30,-1.0326497610839165
1734440400,US Tech 100,-1.0243547327930593
1734447600,US Tech 100,-1.0243547327929887
1734530400,Wall Street 30,2.9673502389162825
1734548400,US Tech 100,2.9756452672070024
1734621300,Wall Street 30,-1.0326497610837815
1734683400,Wall Street 30,-1.0326497610838536
1734683400,US Tech 100,2.114677926406768
1734685200,Wall Street 30,-0.4103609542347644
1734696900,US Tech 100,-1.024354732793012
1734701400,Wall Street 30,-1.0326497610838101
1734702300,US Tech 100,2.9756452672070104
1734727500,US Tech 100,-1.0243547327930342
1734960600,Wall Street 30,-1.0326497610837968
1734966000,Wall Street 30,-1.0326497610837886
1735052400,US Tech 100,2.9756452672069234
1735200900,US Tech 100,2.97564526720697
1735207200,US Tech 100,-1.024354732792979
1735308000,Wall Street 30,-1.0326497610838665
1735311600,US Tech 100,-1.0243547327930291
1735318800,Wall Street 30,-1.0326497610837628
1735561800,Wall Street 30,2.967350238916182
1735563600,Wall Street 30,2.9673502389162447
1735569000,US Tech 100,-1.0243547327929807
1735655400,US Tech 100,-1.024354732793038
1735776900,Wall Street 30,-1.0326497610837417
1735776900,US Tech 100,-1.0243547327930007
1735830900,Wall Street 30,2.9673502389162287
1735839000,Wall Street 30,0.183957304676666
1735902000,Wall Street 30,-1.0326497610836791
1735909200,Wall Street 30,2.967350238916209
1735914600,Wall Street 30,-1.03264976108369
1736174700,US Tech 100,1.6023771154445408
1736178300,Wall Street 30,-0.05648106077314658
1736226900,US Tech 100,-1.0243547327930085
1736262000,US Tech 100,2.9756452672069997
1736263800,Wall Street 30,-1.0326497610837886
1736265600,US Tech 100,0.8606495045460382
1736320500,US Tech 100,-1.024354732792996
1736335800,US Tech 100,-1.0243547327930853
1736335800,Wall Street 30,-1.0326497610837808
1736338500,US Tech 100,-1.024354732793016
1736338500,Wall Street 30,-1.0326497610837773
1736415000,Wall Street 30,-1.032649761083835
1736431200,Wall Street 30,2.9673502389163176
1736506800,US Tech 100,-1.0243547327929918
1736506800,Wall Street 30,-1.0326497610837877
1736515800,Wall Street 30,-1.0326497610837733
1736515800,US Tech 100,2.975645267206974
1736532900,US Tech 100,-1.0243547327930231
1736532900,Wall Street 30,-1.0326497610837442
1736759700,US Tech 100,-1.0243547327930405
1736842500,Wall Street 30,0.9451662319314016
1736842500,US Tech 100,-0.16328005980125435
1736864100,US Tech 100,-1.024354732793003
1736884800,Wall Street 30,-1.0326497610837546
1736943300,Wall Street 30,2.9673502389162514
1736954100,US Tech 100,-1.024354732793023
1737010800,Wall Street 30,-1.0326497610836867
1737021600,US Tech 100,0.4210419030211917
1737027000,Wall Street 30,-1.0326497610837635
1737032400,US Tech 100,-1.0243547327930476
1737039600,US Tech 100,-1.0243547327930083
1737052200,Wall Street 30,-1.0326497610838081
1737122400,Wall Street 30,2.9673502389163326
1737130500,Wall Street 30,-0.13635377350628916
1737375300,US Tech 100,-1.0243547327930322
1737420300,US Tech 100,-1.0243547327930544
1737469800,US Tech 100,-1.0243547327930687
1737534600,Wall Street 30,0.5673502389163848
1737548100,Wall Street 30,0.0012018518145811862
1737556200,Wall Street 30,-1.0326497610838057
1737557100,US Tech 100,2.9756452672070135
1737642600,Wall Street 30,2.9673502389163073
1737692100,US Tech 100,-0.723299310200325
1737729900,US Tech 100,-1.0243547327930007
1737959400,Wall Street 30,2.967350238916173
1737966600,Wall Street 30,-1.0326497610837837
1737996300,US Tech 100,1.3253673730501854
1738066500,US Tech 100,-1.0243547327930673
1738130400,US Tech 100,1.3128412099412334
1738156500,US Tech 100,2.975645267206965
1738161900,Wall Street 30,-1.0326497610836771
1738163700,US Tech 100,-0.09925289868839272
1738177200,Wall Street 30,-1.0326497610837646
1738181700,Wall Street 30,-1.0326497610838143
1738224900,US Tech 100,-1.0243547327930207
1738238400,Wall Street 30,1.60905871417803
1738239300,US Tech 100,-1.0243547327930858
1738262700,Wall Street 30,-1.0326497610837533
1738334700,Wall Street 30,-1.0326497610837755
1738335600,US Tech 100,1.0117195205068468
1738349100,US Tech 100,2.9756452672069726
1738350000,Wall Street 30,1.5055276055000189
1738538100,Wall Street 30,0.1418426917484537
1738570500,US Tech 100,1.245310471529231
1738586700,Wall Street 30,-1.0326497610837233
1738645200,US Tech 100,-1.0243547327929943
1738645200,Wall Street 30,-1.0326497610838132
1738683000,US Tech 100,-1.0243547327929885
1738774800,US Tech 100,0.6045949964712496
1738840500,Wall Street 30,-1.0326497610838268
1738842300,US Tech 100,-1.0243547327930398
1738870200,US Tech 100,-1.024354732792984
1738870200,Wall Street 30,-1.0326497610838226
1738938600,US Tech 100,-1.02435473279303
1738940400,Wall Street 30,2.967350238916207
1738943100,US Tech 100,0.6847294514171506
1738944000,Wall Street 30,-1.0326497610837682
1739194200,US Tech 100,-1.0243547327930735
1739201400,US Tech 100,-1.0243547327930407
1739201400,Wall Street 30,1.0187897387686007
1739264400,US Tech 100,-1.0243547327930762
1739264400,Wall Street 30,-1.0326497610836611
1739293200,US Tech 100,-1.0243547327930511
1739350800,US Tech 100,-1.0243547327929896
1739366100,Wall Street 30,-1.0326497610837824
1739368800,Wall Street 30,-1.0326497610837728
1739371500,US Tech 100,-1.0243547327930267
1739373300,US Tech 100,2.7055507392450187
1739434500,US Tech 100,-1.0243547327930804
1739435400,Wall Street 30,-1.0326497610838192
1739453400,US Tech 100,2.9756452672069487
1739521800,US Tech 100,-1.024354732792957
1739530800,Wall Street 30,-1.0326497610837997
1739778300,US Tech 100,0.08899366091568495
1739800800,Wall Street 30,-1.0326497610835519
1739802600,US Tech 100,-1.024354732793097
1739835000,Wall Street 30,0.5673502389161991
1739862000,US Tech 100,-1.0243547327931062
1739905200,US Tech 100,-1.0243547327930647
1739970900,US Tech 100,2.975645267207024
1739971800,Wall Street 30,2.967350238916352
1739988000,Wall Street 30,-1.032649761083806
1739992500,Wall Street 30,0.6526600047000685
1740051000,Wall Street 30,2.967350238916171
1740062700,US Tech 100,-1.024354732793001
1740063600,Wall Street 30,2.967350238916195
1740066300,US Tech 100,-1.0243547327930027
1740066300,Wall Street 30,1.8457471686058478
1740139200,Wall Street 30,2.967350238916274
1740148200,US Tech 100,2.975645267206907
1740160800,US Tech 100,2.9756452672069598
1740160800,Wall Street 30,2.967350238916205
1740381300,Wall Street 30,2.9673502389163224
1740411000,Wall Street 30,-1.0326497610837455
1740429900,Wall Street 30,0.2438100196748509
1740466800,Wall Street 30,2.967350238916247
1740496500,US Tech 100,-1.0243547327930351
1740499200,US Tech 100,-1.0243547327930127
1740561300,US Tech 100,0.09917079237736928
1740573900,Wall Street 30,2.9673502389162705
1740579300,US Tech 100,-1.024354732793024
1740595500,US Tech 100,-1.0243547327930391
1740635100,Wall Street 30,0.7741617401935338
1740659400,US Tech 100,-1.024354732793089
1740663900,Wall Street 30,-1.0326497610838437
1740663900,US Tech 100,-1.0243547327930185
1740666600,US Tech 100,2.975645267206974
1740669300,Wall Street 30,-1.032649761083753
1740670200,US Tech 100,0.7708160122246432
1740731400,US Tech 100,0.40603274200902284
1740745800,US Tech 100,-1.0243547327930023
1740772800,US Tech 100,2.9756452672069855
1741012200,US Tech 100,2.9756452672069367
1741014000,US Tech 100,-1.0243547327930156
1741014000,Wall Street 30,-1.032649761083742
1741100400,Wall Street 30,-0.0005263359078660632
1741101300,US Tech 100,-1.0243547327930218
1741108500,US Tech 100,2.975645267206974
1741114800,Wall Street 30,-1.0326497610837928
1741121100,Wall Street 30,-1.0326497610837584
1741176900,Wall Street 30,2.9673502389162456
1741185000,Wall Street 30,-1.0326497610837608
1741186800,Wall Street 30,-1.0326497610837602
1741250700,US Tech 100,2.4205715129155134
1741276800,US Tech 100,-1.0243547327930405
1741356000,Wall Street 30,-1.032649761083749
1741365000,US Tech 100,-1.0243547327930098
1741613400,Wall Street 30,-1.0326497610837466
1741617900,US Tech 100,-1.0243547327930385
1741631400,Wall Street 30,-1.0326497610837466
1741654800,Wall Street 30,-1.0326497610838121
1741700700,Wall Street 30,-1.032649761083739
1741704300,US Tech 100,-1.024354732793002
1741761900,US Tech 100,-1.0243547327929587
1741761900,Wall Street 30,-1.0326497610838357
1741779000,Wall Street 30,2.9673502389161577
1741786200,Wall Street 30,2.96735023891623
1741873500,US Tech 100,-1.0243547327930533
1742201100,US Tech 100,2.9756452672069478
1742209200,Wall Street 30,-1.0326497610836916
1742214600,US Tech 100,-1.024354732793034
1742218200,US Tech 100,-1.0243547327930052
1742237100,US Tech 100,-1.0243547327930471
1742289300,Wall Street 30,-1.0326497610837053
1742292000,US Tech 100,1.2156731376608105
1742292900,Wall Street 30,-1.0326497610838494
1742304600,Wall Street 30,2.9673502389162314
1742367600,Wall Street 30,-1.0326497610837884
1742369400,US Tech 100,-1.024354732793065
1742369400,Wall Street 30,-1.0326497610838001
1742392800,US Tech 100,-1.0243547327930098
1742393700,Wall Street 30,1.071041565962158
1742409900,Wall Street 30,0.6324110584660468
1742465700,US Tech 100,-1.024354732793032
1742480100,US Tech 100,-1.0243547327930211
1742545800,US Tech 100,-1.0243547327930553
1742805900,US Tech 100,-1.024354732792943
1742890500,US Tech 100,-1.0243547327928977
1742897700,Wall Street 30,2.967350238916155
1742904000,Wall Street 30,-1.0326497610837784
1742914800,US Tech 100,-1.0243547327929843
1742919300,Wall Street 30,1.509661499118216
1742995800,Wall Street 30,-1.0326497610837575
1742996700,US Tech 100,2.975645267206983
1743003900,Wall Street 30,2.9673502389162487
1743004800,US Tech 100,2.9756452672069775
1743027300,US Tech 100,-1.0243547327930476
1743060600,Wall Street 30,2.967350238916241
1743149700,Wall Street 30,-1.0326497610838572
1743149700,US Tech 100,-1.0243547327930735
1743380100,US Tech 100,-1.024354732793026
1743404400,Wall Street 30,-1.0326497610837853
1743434100,Wall Street 30,0.6371191503943857
1743435000,US Tech 100,0.5867049466721881
1743445800,Wall Street 30,2.9673502389162505
1743503400,Wall Street 30,1.468946684292647
1743579900,Wall Street 30,2.9673502389161985
1743600600,Wall Street 30,2.967350238916203
1743601500,US Tech 100,2.9756452672069558
1743613200,Wall Street 30,-1.0326497610837921
1743624000,US Tech 100,-1.024354732793012
1743688800,Wall Street 30,-1.0326497610837868
1743755400,Wall Street 30,2.9673502389161923
1743763500,US Tech 100,2.975645267206971
1743980400,Wall Street 30,-1.0326497610837848
1743980400,US Tech 100,-1.0243547327930198
1744023600,US Tech 100,-1.024354732793029
1744032600,Wall Street 30,-1.0326497610837662
1744032600,US Tech 100,-1.0243547327930287
1744034400,US Tech 100,-1.0243547327930194
1744034400,Wall Street 30,-1.032649761083778
1744037100,US Tech 100,-0.6268950312736027
1744037100,Wall Street 30,-0.6682239099785064
1744120800,US Tech 100,-1.0243547327930107
1744131600,Wall Street 30,2.967350238916239
1744164000,US Tech 100,-1.0243547327930174
1744182000,US Tech 100,0.9641930181444304
1744182000,Wall Street 30,-1.0326497610837881
1744206300,US Tech 100,-0.1812311013614991
1744221600,Wall Street 30,1.8051992383125197
1744270200,US Tech 100,2.975645267206962
1744270200,Wall Street 30,1.7237268834128734
1744293600,Wall Street 30,2.9673502389162416
1744351200,US Tech 100,-1.0243547327930225
1744351200,Wall Street 30,-1.0326497610837668
1744623000,US Tech 100,-1.0243547327930118
1744636500,Wall Street 30,-1.032649761083739
1744636500,US Tech 100,-1.0243547327929854
1744661700,Wall Street 30,0.20870251217007316
1744661700,US Tech 100,0.3635493431295677
1744701300,US Tech 100,-0.06711707655681971
1744701300,Wall Street 30,-1.032649761083785
1744717500,US Tech 100,-1.024354732793054
1744723800,Wall Street 30,-1.0326497610837742
1744723800,US Tech 100,-1.0243547327930294
1744754400,US Tech 100,1.2599192874081486
1744780500,Wall Street 30,-1.0326497610837742
1744780500,US Tech 100,-1.024354732793039
1744785000,Wall Street 30,-1.0326497610837586
1744786800,US Tech 100,-1.0243547327929854
1744792200,Wall Street 30,-1.0326497610837693
1744792200,US Tech 100,-1.0243547327929945
1744794900,Wall Street 30,0.6292717696464191
1744815600,Wall Street 30,-1.0326497610837964
1744816500,US Tech 100,-1.0243547327930416
1744885800,Wall Street 30,0.929056668011957
1744896600,US Tech 100,-1.0243547327930567
1744919100,Wall Street 30,2.1269633284326055
1745219700,US Tech 100,0.6558784009852829
1745244900,US Tech 100,2.975645267206983
1745244900,Wall Street 30,2.9673502389162545
1745264700,Wall Street 30,0.34321995497476926
1745304300,US Tech 100,-1.0243547327930107
1745330400,US Tech 100,2.975645267206943
1745405100,Wall Street 30,-1.0326497610837526
1745415000,US Tech 100,2.975645267207001
1745415000,Wall Street 30,-1.0326497610837784
1745505000,Wall Street 30,2.4333533683331554
1745513100,Wall Street 30,0.7712580393030771
1745577000,US Tech 100,0.7819748028917366
1745590500,Wall Street 30,-1.0326497610838044
1745823600,Wall Street 30,-1.032649761083682
1745837100,Wall Street 30,-1.0326497610837346
1745923500,US Tech 100,2.975645267207006
1745931600,Wall Street 30,-1.0326497610837282
1745935200,US Tech 100,-1.0243547327930351
1745937000,US Tech 100,0.036178880823039335
1746009000,US Tech 100,-1.0243547327929672
1746015300,US Tech 100,2.975645267206976
1746015300,Wall Street 30,2.967350238916262
1746018000,US Tech 100,2.9756452672069456
1746018000,Wall Street 30,2.967350238916188
1746042300,US Tech 100,2.9756452672069655
1746116100,Wall Street 30,-1.0326497610837448
1746116100,US Tech 100,-0.1839357165939734
1746128700,Wall Street 30,0.9993511410366823
1746128700,US Tech 100,2.0784660806281083
1746148500,US Tech 100,1.1661142774201523
1746149400,Wall Street 30,0.6851385500281981
1746409500,US Tech 100,-1.024354732793019
1746426600,Wall Street 30,-1.032649761083775
1746452700,US Tech 100,2.1674856215466227
1746510300,Wall Street 30,-1.032649761083823
1746516600,US Tech 100,2.975645267206975
1746542700,Wall Street 30,-1.0326497610837502
1746640800,Wall Street 30,-1.032649761083799
1746640800,US Tech 100,-1.02435473279302
1746646200,US Tech 100,-1.0243547327930302
1746666900,US Tech 100,1.5527005241884169
1746712800,Wall Street 30,-1.0326497610837841
1746712800,US Tech 100,-1.0243547327930393
1746715500,US Tech 100,-1.0243547327930442
1746786600,Wall Street 30,-1.032649761083768
1746786600,US Tech 100,-1.024354732793029
1746793800,Wall Street 30,-1.0326497610837901
1746800100,US Tech 100,1.6019494126939078
1746802800,Wall Street 30,1.0564651309441841
1747033200,Wall Street 30,-1.0326497610837353
1747034100,US Tech 100,-1.024354732792988
1747056600,US Tech 100,0.5608968534633855
1747069200,Wall Street 30,0.6029851093006693
1747069200,US Tech 100,0.2886889486989245
1747132200,Wall Street 30,-1.0326497610837067
1747209600,US Tech 100,-0.26979060637368557
1747216800,Wall Street 30,-1.0326497610837768
1747234800,Wall Street 30,-1.0326497610837844
1747242900,Wall Street 30,-1.0326497610837706
1747265400,Wall Street 30,-0.09358340982776252
1747287000,US Tech 100,-1.0243547327929352
1747294200,Wall Street 30,-1.0326497610838368
1747299600,US Tech 100,-1.0243547327929954
1747332900,US Tech 100,2.9756452672069815
1747394100,US Tech 100,-1.0243547327930225
1747402200,Wall Street 30,-1.0326497610837277
1747402200,US Tech 100,2.9756452672069456
1747643400,US Tech 100,-1.0243547327929912
1747663200,US Tech 100,1.117061892314362
1747704600,US Tech 100,1.0831989060200502
1747704600,Wall Street 30,-0.34653026283934424
1747721700,Wall Street 30,-1.032649761083893
1747721700,US Tech 100,-1.0243547327930471
1747809000,Wall Street 30,2.967350238916323
1747809000,US Tech 100,-1.0243547327929703
1747821600,US Tech 100,-1.0243547327930766
1747822500,Wall Street 30,-1.032649761083749
1747840500,US Tech 100,-1.0243547327930562
1747850400,US Tech 100,2.9756452672069846
1747851300,Wall Street 30,2.238267936010768
1747918800,US Tech 100,-1.0243547327930564
1747918800,Wall Street 30,2.9673502389162514
1747998900,US Tech 100,2.9756452672070197
1748000700,Wall Street 30,-1.0326497610838121
1748001600,US Tech 100,-1.0243547327929947
1748008800,US Tech 100,0.20822551603290884
1748008800,Wall Street 30,0.4276509900667437
1748211300,Wall Street 30,0.2735781844081806
1748211300,US Tech 100,0.2542387520694445
1748331900,Wall Street 30,0.3723784003746737
1748331900,US Tech 100,0.5341389777530544
1748352600,Wall Street 30,-1.0326497610837424
1748406600,US Tech 100,-0.09976645491885326
1748439000,Wall Street 30,-1.032649761083752
1748439900,US Tech 100,1.5596409709456407
1748443500,Wall Street 30,0.62871764552459
1748461500,US Tech 100,-1.0243547327930258
1748475000,Wall Street 30,0.500523933713577
1748475000,US Tech 100,1.417051156357649
1748513700,Wall Street 30,2.967350238916232
1748520000,US Tech 100,2.97564526720696
1748527200,US Tech 100,-1.0243547327930027
1748533500,Wall Street 30,-1.0326497610837702
1748606400,Wall Street 30,-1.0326497610838434
1748606400,US Tech 100,-1.0243547327930436
1748612700,US Tech 100,-1.024354732793002
1748613600,Wall Street 30,-1.032649761083799
1748622600,US Tech 100,-1.0243547327930345
1748631600,Wall Street 30,-1.0326497610837893
1748871000,US Tech 100,-1.0243547327929856
1748934900,Wall Street 30,-1.0326497610838203
1748937600,Wall Street 30,-1.0326497610836858
1748937600,US Tech 100,-1.0243547327930478
1748950200,US Tech 100,2.9756452672069615
1748958300,US Tech 100,2.975645267206922
1748973600,US Tech 100,-1.024354732793062
1749039300,US Tech 100,-1.0243547327930533
1749039300,Wall Street 30,-1.0326497610837624
1749043800,US Tech 100,-1.0243547327930775
1749116700,US Tech 100,0.9549442171159639
1749131100,Wall Street 30,-1.0326497610838001
1749141900,Wall Street 30,-1.0326497610837722
1749213000,US Tech 100,2.975645267207007
1749215700,Wall Street 30,2.9673502389162167
1749223800,Wall Street 30,0.5248437365586435
1749475800,Wall Street 30,2.9673502389163118
1749479400,US Tech 100,-1.0243547327930318
1749483900,Wall Street 30,2.9673502389162616
1749519900,US Tech 100,-0.6683669378484305
1749532500,Wall Street 30,-1.0326497610838203
1749532500,US Tech 100,-1.0243547327930456
1749535200,US Tech 100,2.975645267206979
1749579300,Wall Street 30,-1.032649761083792
1749582000,US Tech 100,-1.024354732793023
1749630600,Wall Street 30,-1.0326497610837275
1749645000,Wall Street 30,-1.0326497610837282
1749645000,US Tech 100,-1.0243547327929865
1749653100,Wall Street 30,0.4753676006812783
1749657600,US Tech 100,2.975645267206935
1749715200,Wall Street 30,2.0431516857948098
1749715200,US Tech 100,-1.024354732793069
1749720600,US Tech 100,-1.0243547327930438
1749738600,Wall Street 30,-1.032649761083758
1749774600,Wall Street 30,2.967350238916181
1749776400,US Tech 100,-1.0243547327930125
1749821400,US Tech 100,-1.0243547327930616
1749829500,Wall Street 30,-1.032649761083819
1749839400,Wall Street 30,-0.7331178529811191
1749839400,US Tech 100,-0.12540035800676763
1750076100,Wall Street 30,-1.0326497610837815
1750076100,US Tech 100,-1.0243547327930276
1750083300,Wall Street 30,-1.0326497610837881
1750088700,Wall Street 30,0.8670079476834188
1750113900,Wall Street 30,2.967350238916215
1750113900,US Tech 100,2.975645267206951
1750144500,Wall Street 30,-1.03264976108378
1750144500,US Tech 100,-1.0243547327930724
1750257000,US Tech 100,-1.024354732793024
1750340700,Wall Street 30,1.3981027983759802
1750340700,US Tech 100,-1.0243547327930023
1750372200,US Tech 100,0.3114669748369085
1750400100,US Tech 100,-1.0243547327929958
1750406400,Wall Street 30,-1.032649761083778
1750423500,Wall Street 30,-1.0326497610837153
1750424400,US Tech 100,2.9756452672070153
1750430700,US Tech 100,-1.0243547327930445
1750658400,US Tech 100,2.975645267207007
1750662000,Wall Street 30,2.967350238916259
1750677300,US Tech 100,-1.0243547327930638
1750677300,Wall Street 30,-1.0326497610838459
1750687200,US Tech 100,-1.02435473279301
1750701600,US Tech 100,0.8070886355389667
1750744800,Wall Street 30,2.967350238916218
1750752000,Wall Street 30,0.5018887279169689
1750858200,Wall Street 30,2.9673502389162563
1750872600,Wall Street 30,-1.0326497610837555
1750920300,US Tech 100,2.975645267207039
1750921200,Wall Street 30,0.6485380123697104
1750935600,Wall Street 30,-1.0326497610836585
1750944600,Wall Street 30,-1.0326497610838121
1750950000,Wall Street 30,1.7053432265594313
1750976100,US Tech 100,-0.7637198116393494
1750976100,Wall Street 30,-0.4685856049909726
1751023800,Wall Street 30,-1.0326497610838856
1751023800,US Tech 100,-1.0243547327930624
1751028300,US Tech 100,2.9756452672070623
1751032800,US Tech 100,-1.0243547327929872
1751032800,Wall Street 30,2.967350238916202
1751049000,US Tech 100,-1.024354732793018
1751292000,Wall Street 30,-1.0326497610836805
1751293800,US Tech 100,-1.024354732793084
1751310900,Wall Street 30,0.8607690397584078
1751311800,US Tech 100,-0.17691286909624185
1751372100,US Tech 100,-1.0243547327930624
1751377500,Wall Street 30,2.967350238916237
1751381100,US Tech 100,2.975645267207017
1751383800,US Tech 100,-1.0243547327930547
1751442300,US Tech 100,1.1977259562129565
1751444100,Wall Street 30,-1.0326497610836478
1751458500,US Tech 100,-1.0243547327929792
1751460300,Wall Street 30,2.9673502389161666
1751463900,Wall Street 30,-1.0326497610837426
1751468400,US Tech 100,0.7887198013367318
1751469300,Wall Street 30,-0.6721348741241757
1751512500,Wall Street 30,0.29143223133965307
1751512500,US Tech 100,-0.4561008652489969
1751839200,US Tech 100,-0.29184399923901627
1751877000,Wall Street 30,2.9673502389162456
1751893200,Wall Street 30,-1.032649761083774
1751905800,Wall Street 30,2.967350238916232
1751983200,US Tech 100,-1.0243547327929774
1752040800,US Tech 100,-1.0243547327929845
1752067800,US Tech 100,-1.0243547327930276
1752072300,US Tech 100,-1.0243547327930187
1752155100,US Tech 100,-1.0243547327930513
1752192900,US Tech 100,-1.024354732793048
1752192900,Wall Street 30,-1.0326497610837082
1752444000,Wall Street 30,-0.5664171971151891
1752444000,US Tech 100,-0.4201877366774772
1752471900,Wall Street 30,-1.0326497610837495
1752499800,Wall Street 30,-1.032649761083833
1752575400,Wall Street 30,-1.0326497610838499
1752581700,Wall Street 30,-1.0326497610837047
1752585300,US Tech 100,-1.0243547327930456
1752664500,Wall Street 30,-1.032649761083839
1752669900,US Tech 100,-1.0243547327930447
1752673500,Wall Street 30,-1.0326497610837473
1752673500,US Tech 100,-1.0243547327930427
1752732000,Wall Street 30,-1.0326497610837782
1752764400,US Tech 100,1.3528695583141943
1752816600,US Tech 100,-1.0243547327929297
1752833700,US Tech 100,0.1132515247963099
1752842700,Wall Street 30,-1.0326497610837102
1752844500,US Tech 100,-1.0243547327929698
1752846300,Wall Street 30,2.967350238916302
1752848100,US Tech 100,-1.0243547327930895
1752849000,Wall Street 30,0.9632460440787621
1753107300,Wall Street 30,1.7995561885171445
1753157700,US Tech 100,-0.25955352661011966
1753182000,Wall Street 30,-1.0326497610838796
1753191000,Wall Street 30,-1.0326497610837453
1753191900,US Tech 100,-1.024354732792993
1753227000,US Tech 100,0.330658463461941
1753227900,Wall Street 30,-1.0326497610837366
1753285500,US Tech 100,-1.0243547327929996
1753286400,Wall Street 30,1.8749287537005155
1753341300,US Tech 100,-1.0243547327930553
1753362000,Wall Street 30,-1.032649761083774
1753368300,Wall Street 30,-1.0326497610838423
1753373700,Wall Street 30,-1.0326497610838392
1753418700,US Tech 100,1.124422371975702
1753432200,Wall Street 30,0.522701312077732
1753444800,US Tech 100,-1.024354732792925
1753453800,US Tech 100,2.975645267207047
1753653600,Wall Street 30,0.40331996000416964
1753681500,US Tech 100,-1.024354732793102
1753699500,US Tech 100,-1.0243547327929594
1753709400,Wall Street 30,-1.0326497610838477
1753771500,Wall Street 30,-1.032649761083583
1753775100,US Tech 100,1.4360564381803984
1753858800,US Tech 100,-1.0243547327929707
1753892100,US Tech 100,1.3923829340464298
1753901100,US Tech 100,-1.0243547327929923
1753968600,US Tech 100,-1.0243547327929743
1753982100,US Tech 100,2.9756452672070024
1754029800,Wall Street 30,2.9673502389162514
1754033400,Wall Street 30,0.842252576020353
1754035200,US Tech 100,2.97564526720695
1754070300,US Tech 100,-1.0243547327930145
1754292600,Wall Street 30,2.967350238916257
1754299800,Wall Street 30,-1.0326497610837444
1754305200,Wall Street 30,0.16119598974992116
1754315100,US Tech 100,-1.0243547327930793
1754379900,Wall Street 30,-1.0326497610839072
1754379900,US Tech 100,-1.024354732792935
1754388000,Wall Street 30,-1.032649761083857
1754388900,US Tech 100,-1.0243547327929952
1754399700,US Tech 100,-1.0243547327929676
1754487000,Wall Street 30,-1.0326497610838388
1754521200,US Tech 100,2.0375831274696146
1754554500,US Tech 100,2.9756452672069833
1754561700,Wall Street 30,-1.0326497610838585
1754578800,US Tech 100,2.9756452672069442
1754655300,Wall Street 30,-1.0326497610836831
1754655300,US Tech 100,-1.0243547327929798
1754661600,Wall Street 30,-1.0326497610838412
1754898300,Wall Street 30,-1.0326497610837857
1754899200,US Tech 100,-1.0243547327929312
1754917200,Wall Street 30,2.9673502389161364
1754928000,US Tech 100,-1.024354732793043
1754976600,US Tech 100,-1.0243547327929787
1755001800,US Tech 100,-1.024354732792984
1755001800,Wall Street 30,-1.0326497610837617
1755005400,US Tech 100,-1.024354732793044
1755010800,Wall Street 30,0.33874372800757896
1755069300,Wall Street 30,2.967350238916212
1755090900,Wall Street 30,-1.0326497610836267
1755092700,Wall Street 30,-1.0326497610836989
1755094500,US Tech 100,2.9756452672069957
1755168300,Wall Street 30,-1.0326497610837835
1755174600,Wall Street 30,-1.0326497610838081
1755175500,US Tech 100,-1.0243547327930245
1755179100,US Tech 100,-1.0243547327930385
1755247500,US Tech 100,-1.024354732793116
1755264600,US Tech 100,2.9756452672069935
1755497700,US Tech 100,2.975645267206973
1755500400,US Tech 100,2.9756452672069553
1755505800,Wall Street 30,-1.03264976108384
1755563400,US Tech 100,0.40646676701227796
1755611100,US Tech 100,-1.0243547327930203
1755612000,Wall Street 30,-1.0326497610838135
1755661500,Wall Street 30,-0.9308041049761199
1755661500,US Tech 100,-0.43489343212633064
1755684900,Wall Street 30,2.9673502389163167
1755697500,US Tech 100,2.975645267207019
1755703800,US Tech 100,1.794605166888312
1755757800,Wall Street 30,-1.0326497610838412
1755777600,US Tech 100,-1.0243547327930913
1755844200,US Tech 100,-1.0243547327929876
1755844200,Wall Street 30,-1.0326497610837684
1755850500,Wall Street 30,2.0999344394211854
1755873900,Wall Street 30,0.672098792961849
1755874800,US Tech 100,-1.0243547327930473
1756128600,Wall Street 30,-1.0326497610838232
1756132200,Wall Street 30,1.0208369495786629
1756168200,Wall Street 30,-1.0326497610837349
1756191600,Wall Street 30,-1.0326497610837633
1756207800,US Tech 100,-1.024354732793093
1756273500,Wall Street 30,-1.0326497610836511
1756300500,Wall Street 30,-1.0326497610837677
1756301400,US Tech 100,-1.024354732793084
1756305000,US Tech 100,-1.0243547327930613
1756364400,US Tech 100,2.9756452672068883
1756384200,US Tech 100,2.975645267207007
1756442700,Wall Street 30,0.9785180924859326
1756455300,Wall Street 30,0.7174077373643333
1756475100,US Tech 100,2.9756452672070024
1756476000,Wall Street 30,-1.032649761083769
1756478700,Wall Street 30,-1.0326497610837144
1756692900,Wall Street 30,1.6477824743840364
1756693800,US Tech 100,2.9756452672069726
1756768500,Wall Street 30,-1.032649761083784
1756768500,US Tech 100,-1.024354732793002
1756780200,US Tech 100,-1.024354732793036
1756791000,US Tech 100,-1.024354732793036
1756799100,US Tech 100,-1.0243547327930806
1756817100,Wall Street 30,2.9673502389162874
1756817100,US Tech 100,-1.0243547327930622
1756821600,Wall Street 30,-1.0326497610837662
1756827900,US Tech 100,-1.0243547327930218
1756881000,US Tech 100,-1.0243547327930265
1756882800,Wall Street 30,-1.0326497610836953
1756887300,US Tech 100,1.5008683811478352
1757052000,Wall Street 30,-1.032649761083683
1757077200,Wall Street 30,2.9673502389162842
1757082600,US Tech 100,-0.12111839909775934
1757314800,US Tech 100,0.3361247932635177
1757337300,US Tech 100,2.9756452672069487
1757338200,Wall Street 30,-1.032649761083845
1757339100,US Tech 100,-1.024354732792957
1757349000,Wall Street 30,-0.48490843577784726
1757406600,Wall Street 30,1.146647604262202
1757416500,US Tech 100,-1.0243547327930438
1757418300,Wall Street 30,-1.032649761083658
1757428200,US Tech 100,-1.0243547327930316
1757507400,Wall Street 30,-1.0326497610837941
1757510100,US Tech 100,-1.024354732792947
1757528100,US Tech 100,0.1210985885443413
1757597400,Wall Street 30,2.9673502389161777
1757657700,Wall Street 30,2.9673502389161577
1757682000,Wall Street 30,-1.0326497610836842
1757688300,US Tech 100,0.8394389854523526
1757923200,US Tech 100,1.2284185930917775
1757943000,Wall Street 30,-1.0326497610837777
1757944800,Wall Street 30,-1.032649761083752
1758006900,Wall Street 30,-1.032649761083784
1758026700,Wall Street 30,-1.0326497610837868
1758030300,US Tech 100,2.1099655177972987
1758033000,Wall Street 30,-0.645137516855782
1758097800,US Tech 100,-1.024354732793043
1758116700,Wall Street 30,-1.0326497610837937
1758187800,Wall Street 30,-1.0326497610838372
1758200400,US Tech 100,2.975645267206927
1758200400,Wall Street 30,-1.0326497610837213
1758262500,Wall Street 30,-1.0326497610837908
1758525300,Wall Street 30,-1.0326497610837722
1758529800,US Tech 100,-1.024354732792966
1758536100,US Tech 100,-1.0243547327930607
1758547800,Wall Street 30,-1.0326497610837548
1758548700,US Tech 100,2.975645267206926
1758549600,Wall Street 30,2.967350238916236
1758553200,Wall Street 30,0.6279496703569563
1758615300,US Tech 100,-1.0243547327929121
1758634200,US Tech 100,0.7526934817631288
1758643200,Wall Street 30,2.967350238916243
1758648600,US Tech 100,-0.2802090120858161
1758696300,US Tech 100,-1.024354732793131
1758697200,Wall Street 30,-1.032649761083826
1758721500,US Tech 100,2.9756452672070073
1758798000,Wall Street 30,2.967350238916258
1758807000,Wall Street 30,-1.032649761083779
1758811500,US Tech 100,0.38754041187126287
1758889800,US Tech 100,-1.0243547327930769
1758889800,Wall Street 30,-1.0326497610838075
1758896100,US Tech 100,-1.0243547327930003
1758897900,Wall Street 30,-1.0326497610837675
1759153500,Wall Street 30,1.36010026805935
1759154400,US Tech 100,-1.0243547327930773
1759240800,US Tech 100,-1.024354732793045
1759301100,US Tech 100,-1.024354732793082
1759301100,Wall Street 30,-1.0326497610837266
1759337100,Wall Street 30,-1.0326497610838292
1759411800,US Tech 100,-1.0243547327930662
1759412700,Wall Street 30,-1.0326497610838667
1759484700,Wall Street 30,-1.0326497610836711
1759490100,US Tech 100,2.9756452672069504
1759499100,Wall Street 30,2.967350238916161
1759504500,US Tech 100,-1.0243547327930216
1759513500,Wall Street 30,1.6880485497278288
1759747500,US Tech 100,-1.0243547327929576
1759752000,US Tech 100,-1.0243547327929685
1759757400,US Tech 100,-0.7441428466973403
1759829400,US Tech 100,2.3868220967759473
1759833000,Wall Street 30,0.474114858981955
1759845600,Wall Street 30,2.9673502389162847
1759851000,US Tech 100,1.1689013911502013
1759852800,Wall Street 30,-1.032649761083788
1759909500,Wall Street 30,-1.0326497610836494
1759930200,Wall Street 30,-1.0326497610838417
1759932000,US Tech 100,2.5203884488679216
1760016600,US Tech 100,-1.0243547327930214
1760067900,US Tech 100,-1.0243547327929343
1760109300,Wall Street 30,1.9314483521413788
1760401800,Wall Street 30,-1.032649761083838
1760415300,US Tech 100,2.975645267206933
1760437800,Wall Street 30,-1.0326497610837524
1760445000,Wall Street 30,-1.0326497610837753
1760448600,Wall Street 30,-1.0326497610837446
1760448600,US Tech 100,-1.0243547327930307
1760470200,Wall Street 30,-0.32041456341345476
1760537700,Wall Street 30,-1.0326497610838155
1760542200,Wall Street 30,2.9673502389162567
1760543100,US Tech 100,2.9756452672070086
1760638500,Wall Street 30,0.2915079527936485
1760638500,US Tech 100,-1.024354732793017
1760685300,Wall Street 30,-1.0326497610838152
1760692500,Wall Street 30,2.967350238916274
1760714100,US Tech 100,-1.024354732793007
1760922900,Wall Street 30,0.6758425987134586
1760968800,US Tech 100,2.9756452672070273
1760971500,Wall Street 30,-1.0326497610837775
1761040800,Wall Street 30,2.967350238916325
1761053400,US Tech 100,-1.0243547327931013
1761121800,Wall Street 30,-0.9225110698105776
1761123600,US Tech 100,-1.0243547327929428
1761140700,Wall Street 30,1.047939163589154
1761215400,Wall Street 30,-1.0326497610837513
1761227100,US Tech 100,-1.0243547327929836
1761309000,US Tech 100,2.975645267207039
1761320700,Wall Street 30,0.47263581804331994
1761644700,Wall Street 30,2.9673502389162487
1761653700,US Tech 100,2.9756452672070814
1761658200,US Tech 100,-1.024354732792976
1761670800,Wall Street 30,-0.3255549814746923
1761728400,US Tech 100,-1.0243547327930655
1761750000,US Tech 100,0.36779878333429467
1761762600,US Tech 100,-1.0243547327929865
1761796800,US Tech 100,-1.0243547327930107
1761831900,Wall Street 30,0.6766107404999475
1761905700,Wall Street 30,-1.0326497610837324
1761911100,Wall Street 30,-1.0326497610837915
1761917400,Wall Street 30,-1.0326497610837202
1761918300,US Tech 100,-1.0243547327930667
1761926400,US Tech 100,2.9756452672069402
1762174800,Wall Street 30,-1.0326497610838812
1762178400,US Tech 100,-1.0243547327929716
1762181100,Wall Street 30,2.9673502389162607
1762187400,Wall Street 30,0.20843280986741036
1762356600,US Tech 100,2.5907286116803063
1762363800,Wall Street 30,0.09258695521427711
1762437600,Wall Street 30,-1.0326497610836871
1762439400,US Tech 100,-1.0243547327929754
1762461900,US Tech 100,-0.3864556371746349
1762510500,Wall Street 30,2.967350238916161
1762515000,Wall Street 30,-1.0326497610838312
1762731900,US Tech 100,1.9483166871753266
1762785000,US Tech 100,-1.0243547327929914
1762785000,Wall Street 30,-1.0326497610836964
1762871400,Wall Street 30,2.967350238916263
1762875900,US Tech 100,-1.0243547327929798
1762958700,US Tech 100,-1.0243547327929885
1762963200,Wall Street 30,-1.0326497610837313
1763035200,Wall Street 30,2.9673502389161723
1763042400,Wall Street 30,-1.0326497610838115
1763042400,US Tech 100,2.9756452672070135
1763095500,US Tech 100,-1.0243547327929867
1763123400,US Tech 100,-1.0243547327929978
1763130600,Wall Street 30,-1.0326497610837901
1763384400,US Tech 100,-1.0243547327930185
1763390700,US Tech 100,-1.0243547327930493
1763402400,US Tech 100,2.975645267206997
1763404200,Wall Street 30,2.9673502389162008
1763439300,Wall Street 30,-1.0326497610837169
1763439300,US Tech 100,-1.024354732793041
1763454600,US Tech 100,0.2919281754854045
1763454600,Wall Street 30,-0.7355835840310592
1763478000,Wall Street 30,-1.032649761083811
1763490600,Wall Street 30,-0.549111679899646
1763524800,US Tech 100,0.21971248875289495
1763524800,Wall Street 30,-0.2106332107095212
1763568900,Wall Street 30,-1.0326497610837648
1763584200,Wall Street 30,1.9386045612698672
1763631900,Wall Street 30,-1.0326497610837413
1763631900,US Tech 100,-1.024354732793053
1763640000,Wall Street 30,-1.0326497610837442
1763649000,Wall Street 30,-1.032649761083755
1763658900,US Tech 100,1.0874160516886178
1763711100,Wall Street 30,-1.0326497610838163
1763979300,Wall Street 30,-1.0326497610837246
1763996400,US Tech 100,2.179155703365097
1764000000,Wall Street 30,-1.0326497610837533
1764060300,US Tech 100,-0.16382805077837398
1764073800,Wall Street 30,-1.0326497610838588
1764091800,US Tech 100,-0.3197298934593344
1764147600,Wall Street 30,-1.0326497610838254
1764158400,Wall Street 30,-1.0326497610838083
1764162900,US Tech 100,2.975645267207033
1764336600,US Tech 100,-1.0243547327929658
1764344700,Wall Street 30,0.4139975345774682
1764550800,US Tech 100,1.692093153482466
1764565200,Wall Street 30,0.00981822048337604
1764600300,US Tech 100,-1.0243547327930405
1764600300,Wall Street 30,-1.0326497610837275
1764604800,Wall Street 30,-0.5410244011707319
1764666900,Wall Street 30,1.9632419838561477
1764685800,US Tech 100,-1.024354732793038
1764692100,US Tech 100,-1.0243547327930496
1764700200,Wall Street 30,-1.0326497610837473
1764749700,US Tech 100,-1.0243547327930858
1764770400,Wall Street 30,-1.0326497610837582
1764770400,US Tech 100,-1.0243547327930589
1764772200,US Tech 100,-1.0243547327930536
1764777600,Wall Street 30,2.9673502389162274
1764836100,Wall Street 30,-1.0326497610838692
1764846000,US Tech 100,-1.024354732792945
1764859500,US Tech 100,-1.0243547327929954
1764941400,Wall Street 30,-1.0326497610837992
1764941400,US Tech 100,-1.0243547327930747
1764945000,Wall Street 30,2.96735023891628
1764945900,US Tech 100,-1.024354732792995
1765183500,US Tech 100,-0.6280893879733868
1765183500,Wall Street 30,-1.0326497610837684
1765205100,US Tech 100,2.975645267207026
1765220400,US Tech 100,-1.0243547327930176
1765272600,US Tech 100,-1.024354732793112
1765291500,Wall Street 30,-1.0326497610837537
1765353600,US Tech 100,-1.0243547327930018
1765372500,US Tech 100,-1.0243547327929683
1765377000,US Tech 100,2.9756452672070175
1765378800,Wall Street 30,-1.0326497610837366
1765381500,Wall Street 30,2.967350238916237
1765385100,Wall Street 30,-1.032649761083801
1765422000,US Tech 100,-1.0243547327930083
1765446300,US Tech 100,1.1168085103903382
1765456200,Wall Street 30,2.96735023891622
1765456200,US Tech 100,-1.024354732793046
1765463400,US Tech 100,2.9756452672069713
1765466100,Wall Street 30,2.9673502389161936
1765527300,Wall Street 30,-1.0326497610836556
1765551600,Wall Street 30,2.9673502389162696
1765557900,US Tech 100,-1.0243547327930365
1765557900,Wall Street 30,-1.0326497610837615
1765562400,US Tech 100,-1.0243547327930336
1765811700,US Tech 100,-1.0243547327930422
1765813500,US Tech 100,-1.0243547327930347
1765898100,Wall Street 30,-1.0326497610837486
1765908900,Wall Street 30,-1.0326497610837684
1765952100,US Tech 100,0.9787503401586443
1765981800,US Tech 100,2.9756452672069553
1765982700,Wall Street 30,-1.0326497610838459
1765986300,US Tech 100,1.1395348401432246
1765986300,Wall Street 30,0.9575876097559703
1766078100,US Tech 100,-1.024354732793
1766082600,US Tech 100,-1.024354732792995
1766136600,Wall Street 30,-1.032649761083832
1766154600,Wall Street 30,-1.0326497610837853
1766176200,Wall Street 30,-1.032649761083807
1766412000,Wall Street 30,2.967350238916064
1766413800,US Tech 100,-1.0243547327930278
1766465100,US Tech 100,2.9756452672070637
1766477700,US Tech 100,1.1676320975089953
1766497500,Wall Street 30,-1.0326497610837808
1766497500,US Tech 100,-1.0243547327930242
1766543400,US Tech 100,0.476805039830554
1766583000,Wall Street 30,-1.0326497610839571
1766997000,US Tech 100,1.288998609057171
1766997900,Wall Street 30,-1.0326497610838183
1767015900,US Tech 100,-1.0243547327930038
1767016800,Wall Street 30,-1.0326497610836591
1767020400,Wall Street 30,2.3279492271076045
1767033000,Wall Street 30,-1.0326497610837044
1767078900,US Tech 100,-1.0243547327930105
1767078900,Wall Street 30,-1.0326497610838696
1767084300,Wall Street 30,-1.0326497610836078
1767105000,Wall Street 30,-1.0326497610837064
1767111300,US Tech 100,-1.0243547327929916
1767188700,US Tech 100,-1.02435473279305
1767195900,US Tech 100,-1.0243547327929907
1767207600,Wall Street 30,-1.0326497610837464
1767211200,Wall Street 30,0.03660354857803203
1767339000,Wall Street 30,-1.0326497610839533
1767364200,Wall Street 30,-1.0326497610838508
1767366900,US Tech 100,-1.0243547327929963
1767618000,Wall Street 30,-1.0326497610837815
1767621600,Wall Street 30,2.9673502389161395
1767625200,Wall Street 30,2.9673502389162687
1767687300,US Tech 100,-1.024354732792945
1767709800,Wall Street 30,2.9673502389161897
1767715200,US Tech 100,-1.0243547327930096
1767720600,US Tech 100,1.583309985627024
1767792600,Wall Street 30,-1.0326497610839345
1767796200,US Tech 100,-1.0243547327929519
1767798900,US Tech 100,-1.0243547327930358
1767806100,Wall Street 30,-1.0326497610838348
1767817800,Wall Street 30,-0.1909927542606553
1767852000,Wall Street 30,-1.0326497610838072
1767856500,US Tech 100,1.0741544298037373
1767884400,Wall Street 30,2.9673502389162665
1767965400,US Tech 100,-1.0243547327930373
1768179600,Wall Street 30,1.7562520129946455
1768205700,US Tech 100,-1.0243547327929914
1768208400,Wall Street 30,2.9673502389161857
1768227300,Wall Street 30,-1.032649761083671
1768229100,US Tech 100,2.199119885680168
1768229100,Wall Street 30,-1.032649761083785
1768304700,Wall Street 30,-1.0326497610836651
1768310100,Wall Street 30,-1.0326497610837
1768311000,US Tech 100,-1.0243547327930653
1768315500,Wall Street 30,0.6818330017803182
1768317300,US Tech 100,-1.024354732793006
1768322700,US Tech 100,-1.0243547327930471
1768387500,US Tech 100,-1.0243547327929694
1768387500,Wall Street 30,-1.0326497610836802
1768486500,US Tech 100,-1.0243547327930547
1768487400,Wall Street 30,2.9673502389161945
1768490100,Wall Street 30,1.1803797754034113
1768553100,Wall Street 30,1.0965034876357658
1768572900,US Tech 100,-1.0243547327930036
1768577400,Wall Street 30,-1.0326497610838072
1768815000,US Tech 100,0.23202716849814928
1768890600,US Tech 100,2.975645267207005
1768890600,Wall Street 30,2.967350238916249
1768900500,US Tech 100,-1.0243547327929943
1768901400,Wall Street 30,-1.0326497610838241
1768909500,Wall Street 30,-1.0326497610837775
1768922100,Wall Street 30,-1.032649761083759
1768937400,Wall Street 30,-0.31661604396990733
1769004000,US Tech 100,2.97564526720697
1769009400,Wall Street 30,-1.0326497610837448
1769010300,US Tech 100,-1.0243547327930405
1769092200,Wall Street 30,-1.0326497610837118
1769093100,US Tech 100,-1.0243547327930624
1769113800,Wall Street 30,0.3270852902264938
1769157900,US Tech 100,2.9756452672069176
1769157900,Wall Street 30,2.9673502389163025
1769166000,US Tech 100,-1.024354732792966
1769175900,Wall Street 30,-1.0326497610837504
1769420700,Wall Street 30,-1.0326497610836949
1769437800,Wall Street 30,-1.0326497610838077
1769438700,US Tech 100,2.9756452672069473
1769514300,US Tech 100,-1.0243547327930302
1769517900,Wall Street 30,2.967350238916318
1769526000,US Tech 100,0.8659035582618531
1769526000,Wall Street 30,-1.032649761083784
1769536800,Wall Street 30,-1.032649761083725
1769581800,US Tech 100,-1.0243547327930913
1769596200,US Tech 100,-1.0243547327930418
1769636700,US Tech 100,-1.0243547327930078
1769755500,US Tech 100,0.20402772683707238
1769772600,US Tech 100,0.8429603837677437
1769789700,Wall Street 30,0.5159919317532417
1769799600,Wall Street 30,0.901484846507798
1769986800,US Tech 100,-1.0243547327930025
1770004800,Wall Street 30,0.3336565952425901
1770111000,Wall Street 30,1.2855929421968588
1770130800,US Tech 100,2.9756452672069904
1770138000,Wall Street 30,2.9673502389162167
1770196500,Wall Street 30,-1.032649761083693
1770201000,Wall Street 30,-0.42659103059006126
1770210000,US Tech 100,2.9756452672070015
1770215400,Wall Street 30,-1.032649761083777
1770218100,Wall Street 30,-1.0326497610837755
1770281100,Wall Street 30,-1.032649761083848
1770294600,US Tech 100,-1.02435473279304
1770296400,Wall Street 30,2.9673502389162376
1770317100,Wall Street 30,-1.0326497610837744
1770633000,Wall Street 30,-1.0326497610837277
1770633000,US Tech 100,-1.02435473279306
1770642000,US Tech 100,-1.0243547327930536
1770646500,Wall Street 30,2.9673502389161968
1770651000,Wall Street 30,-1.0326497610837668
1770736500,Wall Street 30,-1.0326497610837315
1770748200,Wall Street 30,0.08912130370493092
1770804000,US Tech 100,-1.0243547327930567
1770804000,Wall Street 30,-1.0326497610836924
1770817500,Wall Street 30,-1.03264976108374
1770822000,US Tech 100,-1.024354732793022
1770822900,Wall Street 30,-1.032649761083793
1770907500,US Tech 100,2.9756452672069664
1770910200,Wall Street 30,2.9673502389161825
1770929100,US Tech 100,-0.26956697351981646
1770963300,Wall Street 30,-1.0326497610838081
1770982200,Wall Street 30,-1.0326497610837815
1771239600,US Tech 100,0.555296350203391
1771251300,US Tech 100,2.975645267206982
1771252200,Wall Street 30,-1.0326497610837002
1771293600,Wall Street 30,0.8781415547730905
1771315200,Wall Street 30,0.20149725177862804
1771325100,US Tech 100,-1.0243547327930476
1771333200,Wall Street 30,-1.0326497610837153
1771342200,Wall Street 30,-1.0326497610837748
1771346700,Wall Street 30,-1.032649761083748
1771417800,Wall Street 30,-1.0326497610837237
1771443900,US Tech 100,-1.024354732793035
1771490700,US Tech 100,2.975645267206979
1771490700,Wall Street 30,2.9673502389163238
1771519500,Wall Street 30,0.7680408840764132
1771578900,US Tech 100,-1.0243547327930926
1771585200,Wall Street 30,0.013617611082434984
1771585200,US Tech 100,2.9756452672069376
1771590600,US Tech 100,-1.024354732793001
1771597800,Wall Street 30,-1.0326497610837262
1771599600,US Tech 100,2.9756452672069913
1771600500,Wall Street 30,-1.0326497610837893
1771607700,Wall Street 30,-1.0326497610838057
1771848900,US Tech 100,-1.024354732793079
1771913700,US Tech 100,-1.0243547327929832
1771913700,Wall Street 30,-1.0326497610838998
1771921800,Wall Street 30,-1.032649761083746
1771921800,US Tech 100,-1.0243547327929665
1771940700,Wall Street 30,-1.0326497610838254
1772028000,Wall Street 30,-1.0326497610838765
1772031600,Wall Street 30,-1.0326497610838385
1772037900,Wall Street 30,0.9918400920979624
1772055000,US Tech 100,-1.0243547327930795
1772062200,US Tech 100,0.6067143908292666
1772098200,Wall Street 30,0.7352805408651694
1772118900,US Tech 100,-1.0243547327929963
1772118900,Wall Street 30,-1.0326497610838166
1772183700,Wall Street 30,-1.032649761083684
1772186400,Wall Street 30,2.96735023891621
1772186400,US Tech 100,-1.0243547327929687
1772199000,US Tech 100,-1.0243547327930456
1772199000,Wall Street 30,-1.0326497610838268
1772205300,US Tech 100,0.27874895981750475
1772434800,Wall Street 30,-1.0326497610837553
1772462700,US Tech 100,2.975645267206987
1772503200,Wall Street 30,1.459820850928043
1772504100,US Tech 100,1.0709751730737678
1772526600,US Tech 100,2.9756452672069558
1772526600,Wall Street 30,2.967350238916251
1772540100,US Tech 100,-1.024354732793053
1772545500,Wall Street 30,2.967350238916209
1772556300,US Tech 100,1.6378356054677852
1772674200,US Tech 100,1.6124023024630576
1772701200,Wall Street 30,-1.0326497610837535
1772701200,US Tech 100,-1.0243547327930018
1772726400,US Tech 100,-1.0243547327930425
1772789400,US Tech 100,2.2876388670563546
1772789400,Wall Street 30,-1.0326497610838299
1772800200,US Tech 100,2.975645267206954
1772804700,US Tech 100,-1.0243547327930054
1772807400,Wall Street 30,-1.0326497610837666
1773007200,Wall Street 30,0.23285074767089828
1773036000,Wall Street 30,0.5926819184193656
1773144000,US Tech 100,-1.0243547327930391
1773144000,Wall Street 30,-1.0326497610837861
1773155700,US Tech 100,0.9626967607326298
1773216900,Wall Street 30,2.9673502389162003
1773229500,Wall Street 30,2.967350238916182
1773283500,US Tech 100,0.8365660997480155
1773322200,Wall Street 30,-1.0326497610837533
1773323100,US Tech 100,-1.0243547327930222
1773363600,Wall Street 30,-0.18602436779878456
1773363600,US Tech 100,-0.2506909724993918
1773727200,Wall Street 30,-1.0326497610838208
1773727200,US Tech 100,-1.0243547327930078
1773753300,US Tech 100,2.9756452672069833
1773759600,Wall Street 30,0.7526397623351933
1773814500,US Tech 100,-1.0243547327930957
1773894600,US Tech 100,2.2563484764327804
1773913500,US Tech 100,-1.024354732793014
1773913500,Wall Street 30,-1.0326497610837817
1773922500,US Tech 100,2.9756452672069615
1773946800,US Tech 100,0.08227008701980726
1773946800,Wall Street 30,-0.14806786525515092
1773989100,Wall Street 30,-1.0326497610836967
1773989100,US Tech 100,-1.0243547327930296
1774000800,Wall Street 30,-1.0326497610837528
1774000800,US Tech 100,-1.0243547327930382
1774005300,US Tech 100,-1.024354732793037
1774017900,Wall Street 30,-1.032649761083763
1774263600,Wall Street 30,-1.032649761083764
1774263600,US Tech 100,-1.024354732793027
1774265400,US Tech 100,0.36343627798398837
1774335600,US Tech 100,-1.0243547327930296
1774335600,Wall Street 30,-1.0326497610837724
1774357200,US Tech 100,-1.0243547327930353
1774425600,Wall Street 30,-1.032649761083794
1774532700,US Tech 100,-1.0243547327930063
1774538100,US Tech 100,2.9756452672069678
1774609200,US Tech 100,0.10435616076808193
1774618200,Wall Street 30,-1.0326497610837657
1774634400,US Tech 100,2.121456318672427
1774869300,Wall Street 30,1.9542479984723784
1774869300,US Tech 100,1.1058132265689835
1774878300,Wall Street 30,-1.0326497610837648
1774917900,Wall Street 30,2.967350238916258
1774917900,US Tech 100,2.975645267206988
1774974600,Wall Street 30,1.2225742899987697
1774974600,US Tech 100,1.2095036966791552
1775020500,US Tech 100,2.975645267207036
1775030400,US Tech 100,0.006078412851716981
1775030400,Wall Street 30,-1.0326497610837455
1775043000,Wall Street 30,-1.03264976108381
1775142000,US Tech 100,0.30062557743607093
1775199600,Wall Street 30,-1.0326497610836967
1775199600,US Tech 100,-1.0243547327930846
1775426400,US Tech 100,-1.0243547327930587
1775426400,Wall Street 30,-1.0326497610837848
1775484900,Wall Street 30,0.02997825239978095
1775558700,US Tech 100,0.045265809201093264
1775558700,Wall Street 30,-1.0326497610837484
1775570400,US Tech 100,-1.0243547327930422
1775599200,US Tech 100,-1.024354732793007
1775599200,Wall Street 30,-1.0326497610837735
1775603700,Wall Street 30,0.6945435356661577
1775659500,Wall Street 30,-1.032649761083806
1775659500,US Tech 100,-1.0243547327930422
1775737800,US Tech 100,2.975645267207038
1775750400,US Tech 100,-0.36674003239101327
1775802600,US Tech 100,1.8064616891474865
1775816100,US Tech 100,2.975645267206973
1775827800,Wall Street 30,2.967350238916174
1776034800,US Tech 100,-1.0243547327929938
1776060900,Wall Street 30,0.6569106296218458
1776078000,US Tech 100,-1.0243547327929807
1776080700,Wall Street 30,-1.0326497610837835
1776086100,Wall Street 30,2.9673502389162283
1776150000,US Tech 100,2.975645267206892
1776150000,Wall Street 30,1.80793600530089
1776161700,Wall Street 30,-1.0326497610838086
1776167100,Wall Street 30,2.967350238916145
1776168000,US Tech 100,2.9756452672070415
1776261600,Wall Street 30,1.9106605556462182
1776282300,US Tech 100,1.294337738704523
1776338100,US Tech 100,-1.0243547327930642
1776347100,US Tech 100,-1.0243547327929912
1776348000,Wall Street 30,-1.032649761083787
1776432600,Wall Street 30,2.967350238916201
1776667500,US Tech 100,-1.0243547327930047
1776667500,Wall Street 30,-1.0326497610837997
1776690000,US Tech 100,-1.0243547327930167
1776691800,Wall Street 30,-1.0326497610838221
1776696300,US Tech 100,-0.6827297291865383
1776755700,US Tech 100,-1.0243547327931
1776774600,Wall Street 30,-1.032649761083712
1776776400,US Tech 100,2.9756452672069273
1776779100,Wall Street 30,-1.0326497610837577
1776784500,Wall Street 30,0.5550921789850385
1776784500,US Tech 100,2.9756452672070086
1776845700,Wall Street 30,-1.032649761083751
1776888000,US Tech 100,0.23464961341885654
1776889800,Wall Street 30,-0.059097713100822416
1776933900,US Tech 100,-1.0243547327929634
1776945600,Wall Street 30,-1.032649761083838
1776945600,US Tech 100,-1.0243547327930183
1777032000,Wall Street 30,-1.0326497610837986
1777267800,Wall Street 30,-0.36382386390214694
1777293000,US Tech 100,2.9756452672069518
1777302000,Wall Street 30,-1.0326497610837735
1777344300,US Tech 100,-1.0243547327930607
1777376700,US Tech 100,-1.0243547327929934
1777383000,US Tech 100,-1.024354732793002
1777448700,US Tech 100,1.006677406100505
1777469400,Wall Street 30,-1.0326497610838312
1777523400,US Tech 100,0.2807761555537763
1777523400,Wall Street 30,0.10377777797155287
1777556700,US Tech 100,-1.024354732793031
1777559400,Wall Street 30,1.780158959781246
1777632300,Wall Street 30,2.967350238916129
1777637700,US Tech 100,-1.0243547327930729
1777642200,Wall Street 30,-1.0326497610838126
1777888800,US Tech 100,-1.0243547327930138
1777893300,Wall Street 30,1.2758609557044438
1777910400,Wall Street 30,-1.0326497610838126
1777910400,US Tech 100,-1.0243547327930214
1777965300,Wall Street 30,1.4096282948321412
1777966200,US Tech 100,2.164029981908871
1777988700,US Tech 100,1.9175008625848096
1778021100,US Tech 100,-1.0243547327930158
1778057100,US Tech 100,-1.02435473279305
1778057100,Wall Street 30,2.96735023891624
1778064300,US Tech 100,-1.0243547327930635
1778135400,Wall Street 30,-1.0326497610838277
1778163300,US Tech 100,-1.0243547327929832
1778243400,US Tech 100,-1.024354732793046
1778270400,US Tech 100,-1.0243547327929854
1778451300,Wall Street 30,0.8259405890486596
1778488200,Wall Street 30,0.3155010374625904
1778499900,Wall Street 30,-1.032649761083889
1778572800,Wall Street 30,-1.0326497610837984
1778675400,US Tech 100,2.97564526720697
1778675400,Wall Street 30,-1.0326497610837204
1778684400,US Tech 100,2.975645267206999
1778751000,US Tech 100,-1.0243547327930669
1778768100,Wall Street 30,-1.0326497610837613
1778807700,Wall Street 30,-1.032649761083688
1778841900,Wall Street 30,-1.0326497610838272
1778875200,Wall Street 30,1.164113548988756
1779062400,Wall Street 30,2.144153538193892
1779082200,Wall Street 30,1.3215159378793144
1779103800,Wall Street 30,2.9673502389162176
1779108300,Wall Street 30,-1.032649761083733
1779197400,Wall Street 30,-1.032649761083815
1779283800,Wall Street 30,-1.032649761083756
1779285600,Wall Street 30,-1.0326497610837582
1779287400,US Tech 100,2.975645267206993
1779346800,US Tech 100,-1.0243547327929954
1779350400,Wall Street 30,2.967350238916285
1779359400,US Tech 100,1.257794768458718
1779359400,Wall Street 30,0.6665262419693901
1779385500,Wall Street 30,0.4488672987853004
1779428700,Wall Street 30,-1.0326497610838254
1779437700,US Tech 100,-1.0243547327930067
1779451200,US Tech 100,2.9756452672069593
1779451200,Wall Street 30,-1.0326497610838095
1779711300,Wall Street 30,-1.032649761083747
1779779700,US Tech 100,-1.0243547327930074
1779800400,Wall Street 30,2.967350238916282
1779810300,US Tech 100,-1.0243547327930145
1779890400,US Tech 100,0.8784544395363151
1779948000,Wall Street 30,-0.42764565668456495
1780016400,US Tech 100,-0.21147304164761865
1780053300,Wall Street 30,-1.0326497610838956
1780065000,Wall Street 30,2.9673502389161857
1780068600,Wall Street 30,-1.0326497610837484
1780303500,Wall Street 30,2.9673502389161466
1780311600,Wall Street 30,-1.0326497610838477
1780318800,US Tech 100,-1.0243547327930058
1780335900,US Tech 100,-1.0243547327930045
1780378200,US Tech 100,2.016230227794757
1780393500,Wall Street 30,0.23321935651934486
1780407000,Wall Street 30,-1.0326497610837675
1780413300,Wall Street 30,0.5453703563012317
1780442100,US Tech 100,-1.0243547327930203
1780473600,Wall Street 30,2.967350238916294
1780489800,Wall Street 30,-1.0326497610838548
1780492500,Wall Street 30,-1.0326497610838077
1780496100,Wall Street 30,1.7035766330110311
1780498800,US Tech 100,-1.0243547327930533
1780503300,US Tech 100,-1.0243547327930502
1780560900,US Tech 100,2.975645267206982
1780567200,Wall Street 30,2.967350238916162
1780577100,US Tech 100,-1.0243547327930238
1780650000,Wall Street 30,-1.032649761083817
1780904700,US Tech 100,0.34910325303417694
1780918200,Wall Street 30,2.967350238916271
1781012700,Wall Street 30,-1.0326497610837504
1781016300,US Tech 100,2.975645267206971
1781094600,US Tech 100,2.9756452672069633
1781100000,US Tech 100,-1.024354732793018
1781182800,Wall Street 30,-1.0326497610837593
1781243100,US Tech 100,2.975645267206975
1781252100,Wall Street 30,2.9673502389162727
1781252100,US Tech 100,0.6495900659784567
1781261100,Wall Street 30,-1.0326497610837395
1781268300,US Tech 100,2.9756452672069527
1781271000,Wall Street 30,-1.0326497610837428
1781530200,US Tech 100,2.975645267206968
1781703900,Wall Street 30,-1.0326497610837904
1781707500,US Tech 100,-0.0714755966427362
1781719200,Wall Street 30,-1.0326497610838044
1781724600,Wall Street 30,-0.7942760150865097
1781781300,Wall Street 30,-1.0326497610837437
1781786700,US Tech 100,-1.024354732793052
1781786700,Wall Street 30,2.9673502389162714
1781793900,US Tech 100,1.6379782473723679
1781846100,US Tech 100,-1.024354732793022
1781865000,Wall Street 30,1.6965964652973704
1781876700,US Tech 100,0.6390992917537698
1782079200,Wall Street 30,-1.0326497610837502
1782079200,US Tech 100,2.975645267207015
1782108900,Wall Street 30,0.4339442913759961
1782135900,Wall Street 30,-1.0326497610837866
1782185400,US Tech 100,2.975645267207005
1782196200,US Tech 100,2.9756452672069877
1782200700,Wall Street 30,-1.032649761083714
1782202500,US Tech 100,-1.0243547327930196
1782210600,US Tech 100,-1.024354732793003
1782279000,US Tech 100,-0.5999155438270045
1782309600,Wall Street 30,2.967350238916243
1782381600,Wall Street 30,-1.0326497610837313
1782393300,Wall Street 30,-1.0326497610838332
1782442800,US Tech 100,-1.0243547327930047
1782456300,US Tech 100,-1.024354732793031
1782456300,Wall Street 30,-1.0326497610837813
1782465300,Wall Street 30,0.6805793458418106
1782479700,Wall Street 30,-1.0326497610837286
1782793800,Wall Street 30,-0.4674386884120605
1782812700,Wall Street 30,-0.7515163197210424
1782909000,US Tech 100,2.9756452672069424
1782936900,US Tech 100,0.650160063002291
1782980100,Wall Street 30,2.3441584275644365
1783004400,US Tech 100,2.9756452672069766
